PayRunID,EmployeeID,PayDate,AnnualLeaveAccruedHours,PersonalLeaveAccruedHours,LeaveTakenHours,ClosingAnnualLeaveHours,ClosingPersonalLeaveHours
PAY-20250704-EMP-RILEY-RETAIL-CASUAL,EMP-RILEY-RETAIL-CASUAL,04/07/2025,0.00,0.00,0.00,0.00,0.00
PAY-20250704-EMP-PRIYA-RETAIL-SUP,EMP-PRIYA-RETAIL-SUP,04/07/2025,2.92,1.46,0.00,2.92,1.46
PAY-20250704-EMP-HANA-CAFE-PARTTIME,EMP-HANA-CAFE-PARTTIME,04/07/2025,1.54,0.77,0.00,1.54,0.77
PAY-20250704-EMP-MARCO-HOSP-CASUAL,EMP-MARCO-HOSP-CASUAL,04/07/2025,0.00,0.00,0.00,0.00,0.00
PAY-20250711-EMP-RILEY-RETAIL-CASUAL,EMP-RILEY-RETAIL-CASUAL,11/07/2025,0.00,0.00,0.00,0.00,0.00
PAY-20250711-EMP-PRIYA-RETAIL-SUP,EMP-PRIYA-RETAIL-SUP,11/07/2025,2.92,1.46,0.00,5.84,2.92
PAY-20250711-EMP-HANA-CAFE-PARTTIME,EMP-HANA-CAFE-PARTTIME,11/07/2025,1.54,0.77,0.00,3.08,1.54
PAY-20250711-EMP-MARCO-HOSP-CASUAL,EMP-MARCO-HOSP-CASUAL,11/07/2025,0.00,0.00,0.00,0.00,0.00
PAY-20250718-EMP-RILEY-RETAIL-CASUAL,EMP-RILEY-RETAIL-CASUAL,18/07/2025,0.00,0.00,0.00,0.00,0.00
PAY-20250718-EMP-PRIYA-RETAIL-SUP,EMP-PRIYA-RETAIL-SUP,18/07/2025,2.92,1.46,0.00,8.76,4.38
PAY-20250718-EMP-HANA-CAFE-PARTTIME,EMP-HANA-CAFE-PARTTIME,18/07/2025,1.54,0.77,0.00,4.62,2.31
PAY-20250718-EMP-MARCO-HOSP-CASUAL,EMP-MARCO-HOSP-CASUAL,18/07/2025,0.00,0.00,0.00,0.00,0.00
PAY-20250725-EMP-RILEY-RETAIL-CASUAL,EMP-RILEY-RETAIL-CASUAL,25/07/2025,0.00,0.00,0.00,0.00,0.00
PAY-20250725-EMP-PRIYA-RETAIL-SUP,EMP-PRIYA-RETAIL-SUP,25/07/2025,2.92,1.46,0.00,11.68,5.84
PAY-20250725-EMP-HANA-CAFE-PARTTIME,EMP-HANA-CAFE-PARTTIME,25/07/2025,1.54,0.77,0.00,6.16,3.08
PAY-20250725-EMP-MARCO-HOSP-CASUAL,EMP-MARCO-HOSP-CASUAL,25/07/2025,0.00,0.00,0.00,0.00,0.00
PAY-20250801-EMP-RILEY-RETAIL-CASUAL,EMP-RILEY-RETAIL-CASUAL,01/08/2025,0.00,0.00,0.00,0.00,0.00
PAY-20250801-EMP-PRIYA-RETAIL-SUP,EMP-PRIYA-RETAIL-SUP,01/08/2025,2.92,1.46,0.00,14.60,7.30
PAY-20250801-EMP-HANA-CAFE-PARTTIME,EMP-HANA-CAFE-PARTTIME,01/08/2025,1.54,0.77,0.00,7.70,3.85
PAY-20250801-EMP-MARCO-HOSP-CASUAL,EMP-MARCO-HOSP-CASUAL,01/08/2025,0.00,0.00,0.00,0.00,0.00
PAY-20250808-EMP-RILEY-RETAIL-CASUAL,EMP-RILEY-RETAIL-CASUAL,08/08/2025,0.00,0.00,0.00,0.00,0.00
PAY-20250808-EMP-PRIYA-RETAIL-SUP,EMP-PRIYA-RETAIL-SUP,08/08/2025,2.92,1.46,0.00,17.52,8.76
PAY-20250808-EMP-HANA-CAFE-PARTTIME,EMP-HANA-CAFE-PARTTIME,08/08/2025,1.54,0.77,0.00,9.24,4.62
PAY-20250808-EMP-MARCO-HOSP-CASUAL,EMP-MARCO-HOSP-CASUAL,08/08/2025,0.00,0.00,0.00,0.00,0.00
PAY-20250815-EMP-RILEY-RETAIL-CASUAL,EMP-RILEY-RETAIL-CASUAL,15/08/2025,0.00,0.00,0.00,0.00,0.00
PAY-20250815-EMP-PRIYA-RETAIL-SUP,EMP-PRIYA-RETAIL-SUP,15/08/2025,2.92,1.46,0.00,20.44,10.22
PAY-20250815-EMP-HANA-CAFE-PARTTIME,EMP-HANA-CAFE-PARTTIME,15/08/2025,1.54,0.77,0.00,10.78,5.39
PAY-20250815-EMP-MARCO-HOSP-CASUAL,EMP-MARCO-HOSP-CASUAL,15/08/2025,0.00,0.00,0.00,0.00,0.00
PAY-20250822-EMP-RILEY-RETAIL-CASUAL,EMP-RILEY-RETAIL-CASUAL,22/08/2025,0.00,0.00,0.00,0.00,0.00
PAY-20250822-EMP-PRIYA-RETAIL-SUP,EMP-PRIYA-RETAIL-SUP,22/08/2025,2.92,1.46,0.00,23.36,11.68
PAY-20250822-EMP-HANA-CAFE-PARTTIME,EMP-HANA-CAFE-PARTTIME,22/08/2025,1.54,0.77,0.00,12.32,6.16
PAY-20250822-EMP-MARCO-HOSP-CASUAL,EMP-MARCO-HOSP-CASUAL,22/08/2025,0.00,0.00,0.00,0.00,0.00
PAY-20250829-EMP-RILEY-RETAIL-CASUAL,EMP-RILEY-RETAIL-CASUAL,29/08/2025,0.00,0.00,0.00,0.00,0.00
PAY-20250829-EMP-PRIYA-RETAIL-SUP,EMP-PRIYA-RETAIL-SUP,29/08/2025,2.92,1.46,0.00,26.28,13.14
PAY-20250829-EMP-HANA-CAFE-PARTTIME,EMP-HANA-CAFE-PARTTIME,29/08/2025,1.54,0.77,0.00,13.86,6.93
PAY-20250829-EMP-MARCO-HOSP-CASUAL,EMP-MARCO-HOSP-CASUAL,29/08/2025,0.00,0.00,0.00,0.00,0.00
PAY-20250905-EMP-RILEY-RETAIL-CASUAL,EMP-RILEY-RETAIL-CASUAL,05/09/2025,0.00,0.00,0.00,0.00,0.00
PAY-20250905-EMP-PRIYA-RETAIL-SUP,EMP-PRIYA-RETAIL-SUP,05/09/2025,2.92,1.46,0.00,29.20,14.60
PAY-20250905-EMP-HANA-CAFE-PARTTIME,EMP-HANA-CAFE-PARTTIME,05/09/2025,1.54,0.77,0.00,15.40,7.70
PAY-20250905-EMP-MARCO-HOSP-CASUAL,EMP-MARCO-HOSP-CASUAL,05/09/2025,0.00,0.00,0.00,0.00,0.00
PAY-20250912-EMP-RILEY-RETAIL-CASUAL,EMP-RILEY-RETAIL-CASUAL,12/09/2025,0.00,0.00,0.00,0.00,0.00
PAY-20250912-EMP-PRIYA-RETAIL-SUP,EMP-PRIYA-RETAIL-SUP,12/09/2025,2.92,1.46,0.00,32.12,16.06
PAY-20250912-EMP-HANA-CAFE-PARTTIME,EMP-HANA-CAFE-PARTTIME,12/09/2025,1.54,0.77,0.00,16.94,8.47
PAY-20250912-EMP-MARCO-HOSP-CASUAL,EMP-MARCO-HOSP-CASUAL,12/09/2025,0.00,0.00,0.00,0.00,0.00
PAY-20250919-EMP-RILEY-RETAIL-CASUAL,EMP-RILEY-RETAIL-CASUAL,19/09/2025,0.00,0.00,0.00,0.00,0.00
PAY-20250919-EMP-PRIYA-RETAIL-SUP,EMP-PRIYA-RETAIL-SUP,19/09/2025,2.92,1.46,0.00,35.04,17.52
PAY-20250919-EMP-HANA-CAFE-PARTTIME,EMP-HANA-CAFE-PARTTIME,19/09/2025,1.54,0.77,0.00,18.48,9.24
PAY-20250919-EMP-MARCO-HOSP-CASUAL,EMP-MARCO-HOSP-CASUAL,19/09/2025,0.00,0.00,0.00,0.00,0.00
PAY-20250926-EMP-RILEY-RETAIL-CASUAL,EMP-RILEY-RETAIL-CASUAL,26/09/2025,0.00,0.00,0.00,0.00,0.00
PAY-20250926-EMP-PRIYA-RETAIL-SUP,EMP-PRIYA-RETAIL-SUP,26/09/2025,2.92,1.46,0.00,37.96,18.98
PAY-20250926-EMP-HANA-CAFE-PARTTIME,EMP-HANA-CAFE-PARTTIME,26/09/2025,1.54,0.77,0.00,20.02,10.01
PAY-20250926-EMP-MARCO-HOSP-CASUAL,EMP-MARCO-HOSP-CASUAL,26/09/2025,0.00,0.00,0.00,0.00,0.00
PAY-20251003-EMP-RILEY-RETAIL-CASUAL,EMP-RILEY-RETAIL-CASUAL,03/10/2025,0.00,0.00,0.00,0.00,0.00
PAY-20251003-EMP-PRIYA-RETAIL-SUP,EMP-PRIYA-RETAIL-SUP,03/10/2025,2.92,1.46,0.00,40.88,20.44
PAY-20251003-EMP-HANA-CAFE-PARTTIME,EMP-HANA-CAFE-PARTTIME,03/10/2025,1.54,0.77,0.00,21.56,10.78
PAY-20251003-EMP-MARCO-HOSP-CASUAL,EMP-MARCO-HOSP-CASUAL,03/10/2025,0.00,0.00,0.00,0.00,0.00
PAY-20251010-EMP-RILEY-RETAIL-CASUAL,EMP-RILEY-RETAIL-CASUAL,10/10/2025,0.00,0.00,0.00,0.00,0.00
PAY-20251010-EMP-PRIYA-RETAIL-SUP,EMP-PRIYA-RETAIL-SUP,10/10/2025,2.92,1.46,0.00,43.80,21.90
PAY-20251010-EMP-HANA-CAFE-PARTTIME,EMP-HANA-CAFE-PARTTIME,10/10/2025,1.54,0.77,0.00,23.10,11.55
PAY-20251010-EMP-MARCO-HOSP-CASUAL,EMP-MARCO-HOSP-CASUAL,10/10/2025,0.00,0.00,0.00,0.00,0.00
PAY-20251017-EMP-RILEY-RETAIL-CASUAL,EMP-RILEY-RETAIL-CASUAL,17/10/2025,0.00,0.00,0.00,0.00,0.00
PAY-20251017-EMP-PRIYA-RETAIL-SUP,EMP-PRIYA-RETAIL-SUP,17/10/2025,2.92,1.46,0.00,46.72,23.36
PAY-20251017-EMP-HANA-CAFE-PARTTIME,EMP-HANA-CAFE-PARTTIME,17/10/2025,1.54,0.77,0.00,24.64,12.32
PAY-20251017-EMP-MARCO-HOSP-CASUAL,EMP-MARCO-HOSP-CASUAL,17/10/2025,0.00,0.00,0.00,0.00,0.00
PAY-20251024-EMP-RILEY-RETAIL-CASUAL,EMP-RILEY-RETAIL-CASUAL,24/10/2025,0.00,0.00,0.00,0.00,0.00
PAY-20251024-EMP-PRIYA-RETAIL-SUP,EMP-PRIYA-RETAIL-SUP,24/10/2025,2.92,1.46,0.00,49.64,24.82
PAY-20251024-EMP-HANA-CAFE-PARTTIME,EMP-HANA-CAFE-PARTTIME,24/10/2025,1.54,0.77,0.00,26.18,13.09
PAY-20251024-EMP-MARCO-HOSP-CASUAL,EMP-MARCO-HOSP-CASUAL,24/10/2025,0.00,0.00,0.00,0.00,0.00
PAY-20251031-EMP-RILEY-RETAIL-CASUAL,EMP-RILEY-RETAIL-CASUAL,31/10/2025,0.00,0.00,0.00,0.00,0.00
PAY-20251031-EMP-PRIYA-RETAIL-SUP,EMP-PRIYA-RETAIL-SUP,31/10/2025,2.92,1.46,0.00,52.56,26.28
PAY-20251031-EMP-HANA-CAFE-PARTTIME,EMP-HANA-CAFE-PARTTIME,31/10/2025,1.54,0.77,0.00,27.72,13.86
PAY-20251031-EMP-MARCO-HOSP-CASUAL,EMP-MARCO-HOSP-CASUAL,31/10/2025,0.00,0.00,0.00,0.00,0.00
PAY-20251107-EMP-RILEY-RETAIL-CASUAL,EMP-RILEY-RETAIL-CASUAL,07/11/2025,0.00,0.00,0.00,0.00,0.00
PAY-20251107-EMP-PRIYA-RETAIL-SUP,EMP-PRIYA-RETAIL-SUP,07/11/2025,2.92,1.46,0.00,55.48,27.74
PAY-20251107-EMP-HANA-CAFE-PARTTIME,EMP-HANA-CAFE-PARTTIME,07/11/2025,1.54,0.77,0.00,29.26,14.63
PAY-20251107-EMP-MARCO-HOSP-CASUAL,EMP-MARCO-HOSP-CASUAL,07/11/2025,0.00,0.00,0.00,0.00,0.00
PAY-20251114-EMP-RILEY-RETAIL-CASUAL,EMP-RILEY-RETAIL-CASUAL,14/11/2025,0.00,0.00,0.00,0.00,0.00
PAY-20251114-EMP-PRIYA-RETAIL-SUP,EMP-PRIYA-RETAIL-SUP,14/11/2025,2.92,1.46,0.00,58.40,29.20
PAY-20251114-EMP-HANA-CAFE-PARTTIME,EMP-HANA-CAFE-PARTTIME,14/11/2025,1.54,0.77,0.00,30.80,15.40
PAY-20251114-EMP-MARCO-HOSP-CASUAL,EMP-MARCO-HOSP-CASUAL,14/11/2025,0.00,0.00,0.00,0.00,0.00
PAY-20251121-EMP-RILEY-RETAIL-CASUAL,EMP-RILEY-RETAIL-CASUAL,21/11/2025,0.00,0.00,0.00,0.00,0.00
PAY-20251121-EMP-PRIYA-RETAIL-SUP,EMP-PRIYA-RETAIL-SUP,21/11/2025,2.92,1.46,0.00,61.32,30.66
PAY-20251121-EMP-HANA-CAFE-PARTTIME,EMP-HANA-CAFE-PARTTIME,21/11/2025,1.54,0.77,0.00,32.34,16.17
PAY-20251121-EMP-MARCO-HOSP-CASUAL,EMP-MARCO-HOSP-CASUAL,21/11/2025,0.00,0.00,0.00,0.00,0.00
PAY-20251128-EMP-RILEY-RETAIL-CASUAL,EMP-RILEY-RETAIL-CASUAL,28/11/2025,0.00,0.00,0.00,0.00,0.00
PAY-20251128-EMP-PRIYA-RETAIL-SUP,EMP-PRIYA-RETAIL-SUP,28/11/2025,2.92,1.46,0.00,64.24,32.12
PAY-20251128-EMP-HANA-CAFE-PARTTIME,EMP-HANA-CAFE-PARTTIME,28/11/2025,1.54,0.77,0.00,33.88,16.94
PAY-20251128-EMP-MARCO-HOSP-CASUAL,EMP-MARCO-HOSP-CASUAL,28/11/2025,0.00,0.00,0.00,0.00,0.00
PAY-20251205-EMP-RILEY-RETAIL-CASUAL,EMP-RILEY-RETAIL-CASUAL,05/12/2025,0.00,0.00,0.00,0.00,0.00
PAY-20251205-EMP-PRIYA-RETAIL-SUP,EMP-PRIYA-RETAIL-SUP,05/12/2025,2.92,1.46,0.00,67.16,33.58
PAY-20251205-EMP-HANA-CAFE-PARTTIME,EMP-HANA-CAFE-PARTTIME,05/12/2025,1.54,0.77,0.00,35.42,17.71
PAY-20251205-EMP-MARCO-HOSP-CASUAL,EMP-MARCO-HOSP-CASUAL,05/12/2025,0.00,0.00,0.00,0.00,0.00
PAY-20251212-EMP-RILEY-RETAIL-CASUAL,EMP-RILEY-RETAIL-CASUAL,12/12/2025,0.00,0.00,0.00,0.00,0.00
PAY-20251212-EMP-PRIYA-RETAIL-SUP,EMP-PRIYA-RETAIL-SUP,12/12/2025,2.92,1.46,0.00,70.08,35.04
PAY-20251212-EMP-HANA-CAFE-PARTTIME,EMP-HANA-CAFE-PARTTIME,12/12/2025,1.54,0.77,0.00,36.96,18.48
PAY-20251212-EMP-MARCO-HOSP-CASUAL,EMP-MARCO-HOSP-CASUAL,12/12/2025,0.00,0.00,0.00,0.00,0.00
PAY-20251219-EMP-RILEY-RETAIL-CASUAL,EMP-RILEY-RETAIL-CASUAL,19/12/2025,0.00,0.00,0.00,0.00,0.00
PAY-20251219-EMP-PRIYA-RETAIL-SUP,EMP-PRIYA-RETAIL-SUP,19/12/2025,2.92,1.46,0.00,73.00,36.50
PAY-20251219-EMP-HANA-CAFE-PARTTIME,EMP-HANA-CAFE-PARTTIME,19/12/2025,1.54,0.77,0.00,38.50,19.25
PAY-20251219-EMP-MARCO-HOSP-CASUAL,EMP-MARCO-HOSP-CASUAL,19/12/2025,0.00,0.00,0.00,0.00,0.00
PAY-20251226-EMP-RILEY-RETAIL-CASUAL,EMP-RILEY-RETAIL-CASUAL,26/12/2025,0.00,0.00,0.00,0.00,0.00
PAY-20251226-EMP-PRIYA-RETAIL-SUP,EMP-PRIYA-RETAIL-SUP,26/12/2025,2.92,1.46,0.00,75.92,37.96
PAY-20251226-EMP-HANA-CAFE-PARTTIME,EMP-HANA-CAFE-PARTTIME,26/12/2025,1.54,0.77,0.00,40.04,20.02
PAY-20251226-EMP-MARCO-HOSP-CASUAL,EMP-MARCO-HOSP-CASUAL,26/12/2025,0.00,0.00,0.00,0.00,0.00
PAY-20260102-EMP-RILEY-RETAIL-CASUAL,EMP-RILEY-RETAIL-CASUAL,02/01/2026,0.00,0.00,0.00,0.00,0.00
PAY-20260102-EMP-PRIYA-RETAIL-SUP,EMP-PRIYA-RETAIL-SUP,02/01/2026,2.92,1.46,0.00,78.84,39.42
PAY-20260102-EMP-HANA-CAFE-PARTTIME,EMP-HANA-CAFE-PARTTIME,02/01/2026,1.54,0.77,0.00,41.58,20.79
PAY-20260102-EMP-MARCO-HOSP-CASUAL,EMP-MARCO-HOSP-CASUAL,02/01/2026,0.00,0.00,0.00,0.00,0.00
PAY-20260109-EMP-RILEY-RETAIL-CASUAL,EMP-RILEY-RETAIL-CASUAL,09/01/2026,0.00,0.00,0.00,0.00,0.00
PAY-20260109-EMP-PRIYA-RETAIL-SUP,EMP-PRIYA-RETAIL-SUP,09/01/2026,2.92,1.46,0.00,81.76,40.88
PAY-20260109-EMP-HANA-CAFE-PARTTIME,EMP-HANA-CAFE-PARTTIME,09/01/2026,1.54,0.77,0.00,43.12,21.56
PAY-20260109-EMP-MARCO-HOSP-CASUAL,EMP-MARCO-HOSP-CASUAL,09/01/2026,0.00,0.00,0.00,0.00,0.00
PAY-20260116-EMP-RILEY-RETAIL-CASUAL,EMP-RILEY-RETAIL-CASUAL,16/01/2026,0.00,0.00,0.00,0.00,0.00
PAY-20260116-EMP-PRIYA-RETAIL-SUP,EMP-PRIYA-RETAIL-SUP,16/01/2026,2.92,1.46,0.00,84.68,42.34
PAY-20260116-EMP-HANA-CAFE-PARTTIME,EMP-HANA-CAFE-PARTTIME,16/01/2026,1.54,0.77,0.00,44.66,22.33
PAY-20260116-EMP-MARCO-HOSP-CASUAL,EMP-MARCO-HOSP-CASUAL,16/01/2026,0.00,0.00,0.00,0.00,0.00
PAY-20260123-EMP-RILEY-RETAIL-CASUAL,EMP-RILEY-RETAIL-CASUAL,23/01/2026,0.00,0.00,0.00,0.00,0.00
PAY-20260123-EMP-PRIYA-RETAIL-SUP,EMP-PRIYA-RETAIL-SUP,23/01/2026,2.92,1.46,0.00,87.60,43.80
PAY-20260123-EMP-HANA-CAFE-PARTTIME,EMP-HANA-CAFE-PARTTIME,23/01/2026,1.54,0.77,0.00,46.20,23.10
PAY-20260123-EMP-MARCO-HOSP-CASUAL,EMP-MARCO-HOSP-CASUAL,23/01/2026,0.00,0.00,0.00,0.00,0.00
PAY-20260130-EMP-RILEY-RETAIL-CASUAL,EMP-RILEY-RETAIL-CASUAL,30/01/2026,0.00,0.00,0.00,0.00,0.00
PAY-20260130-EMP-PRIYA-RETAIL-SUP,EMP-PRIYA-RETAIL-SUP,30/01/2026,2.92,1.46,0.00,90.52,45.26
PAY-20260130-EMP-HANA-CAFE-PARTTIME,EMP-HANA-CAFE-PARTTIME,30/01/2026,1.54,0.77,0.00,47.74,23.87
PAY-20260130-EMP-MARCO-HOSP-CASUAL,EMP-MARCO-HOSP-CASUAL,30/01/2026,0.00,0.00,0.00,0.00,0.00
PAY-20260206-EMP-RILEY-RETAIL-CASUAL,EMP-RILEY-RETAIL-CASUAL,06/02/2026,0.00,0.00,0.00,0.00,0.00
PAY-20260206-EMP-PRIYA-RETAIL-SUP,EMP-PRIYA-RETAIL-SUP,06/02/2026,2.92,1.46,0.00,93.44,46.72
PAY-20260206-EMP-HANA-CAFE-PARTTIME,EMP-HANA-CAFE-PARTTIME,06/02/2026,1.54,0.77,0.00,49.28,24.64
PAY-20260206-EMP-MARCO-HOSP-CASUAL,EMP-MARCO-HOSP-CASUAL,06/02/2026,0.00,0.00,0.00,0.00,0.00
PAY-20260213-EMP-RILEY-RETAIL-CASUAL,EMP-RILEY-RETAIL-CASUAL,13/02/2026,0.00,0.00,0.00,0.00,0.00
PAY-20260213-EMP-PRIYA-RETAIL-SUP,EMP-PRIYA-RETAIL-SUP,13/02/2026,2.92,1.46,0.00,96.36,48.18
PAY-20260213-EMP-HANA-CAFE-PARTTIME,EMP-HANA-CAFE-PARTTIME,13/02/2026,1.54,0.77,0.00,50.82,25.41
PAY-20260213-EMP-MARCO-HOSP-CASUAL,EMP-MARCO-HOSP-CASUAL,13/02/2026,0.00,0.00,0.00,0.00,0.00
PAY-20260220-EMP-RILEY-RETAIL-CASUAL,EMP-RILEY-RETAIL-CASUAL,20/02/2026,0.00,0.00,0.00,0.00,0.00
PAY-20260220-EMP-PRIYA-RETAIL-SUP,EMP-PRIYA-RETAIL-SUP,20/02/2026,2.92,1.46,0.00,99.28,49.64
PAY-20260220-EMP-HANA-CAFE-PARTTIME,EMP-HANA-CAFE-PARTTIME,20/02/2026,1.54,0.77,0.00,52.36,26.18
PAY-20260220-EMP-MARCO-HOSP-CASUAL,EMP-MARCO-HOSP-CASUAL,20/02/2026,0.00,0.00,0.00,0.00,0.00
PAY-20260227-EMP-RILEY-RETAIL-CASUAL,EMP-RILEY-RETAIL-CASUAL,27/02/2026,0.00,0.00,0.00,0.00,0.00
PAY-20260227-EMP-PRIYA-RETAIL-SUP,EMP-PRIYA-RETAIL-SUP,27/02/2026,2.92,1.46,0.00,102.20,51.10
PAY-20260227-EMP-HANA-CAFE-PARTTIME,EMP-HANA-CAFE-PARTTIME,27/02/2026,1.54,0.77,0.00,53.90,26.95
PAY-20260227-EMP-MARCO-HOSP-CASUAL,EMP-MARCO-HOSP-CASUAL,27/02/2026,0.00,0.00,0.00,0.00,0.00
PAY-20260306-EMP-RILEY-RETAIL-CASUAL,EMP-RILEY-RETAIL-CASUAL,06/03/2026,0.00,0.00,0.00,0.00,0.00
PAY-20260306-EMP-PRIYA-RETAIL-SUP,EMP-PRIYA-RETAIL-SUP,06/03/2026,2.92,1.46,0.00,105.12,52.56
PAY-20260306-EMP-HANA-CAFE-PARTTIME,EMP-HANA-CAFE-PARTTIME,06/03/2026,1.54,0.77,0.00,55.44,27.72
PAY-20260306-EMP-MARCO-HOSP-CASUAL,EMP-MARCO-HOSP-CASUAL,06/03/2026,0.00,0.00,0.00,0.00,0.00
PAY-20260313-EMP-RILEY-RETAIL-CASUAL,EMP-RILEY-RETAIL-CASUAL,13/03/2026,0.00,0.00,0.00,0.00,0.00
PAY-20260313-EMP-PRIYA-RETAIL-SUP,EMP-PRIYA-RETAIL-SUP,13/03/2026,2.92,1.46,0.00,108.04,54.02
PAY-20260313-EMP-HANA-CAFE-PARTTIME,EMP-HANA-CAFE-PARTTIME,13/03/2026,1.54,0.77,0.00,56.98,28.49
PAY-20260313-EMP-MARCO-HOSP-CASUAL,EMP-MARCO-HOSP-CASUAL,13/03/2026,0.00,0.00,0.00,0.00,0.00
PAY-20260320-EMP-RILEY-RETAIL-CASUAL,EMP-RILEY-RETAIL-CASUAL,20/03/2026,0.00,0.00,0.00,0.00,0.00
PAY-20260320-EMP-PRIYA-RETAIL-SUP,EMP-PRIYA-RETAIL-SUP,20/03/2026,2.92,1.46,0.00,110.96,55.48
PAY-20260320-EMP-HANA-CAFE-PARTTIME,EMP-HANA-CAFE-PARTTIME,20/03/2026,1.54,0.77,0.00,58.52,29.26
PAY-20260320-EMP-MARCO-HOSP-CASUAL,EMP-MARCO-HOSP-CASUAL,20/03/2026,0.00,0.00,0.00,0.00,0.00
PAY-20260327-EMP-RILEY-RETAIL-CASUAL,EMP-RILEY-RETAIL-CASUAL,27/03/2026,0.00,0.00,0.00,0.00,0.00
PAY-20260327-EMP-PRIYA-RETAIL-SUP,EMP-PRIYA-RETAIL-SUP,27/03/2026,2.92,1.46,0.00,113.88,56.94
PAY-20260327-EMP-HANA-CAFE-PARTTIME,EMP-HANA-CAFE-PARTTIME,27/03/2026,1.54,0.77,0.00,60.06,30.03
PAY-20260327-EMP-MARCO-HOSP-CASUAL,EMP-MARCO-HOSP-CASUAL,27/03/2026,0.00,0.00,0.00,0.00,0.00
PAY-20260403-EMP-RILEY-RETAIL-CASUAL,EMP-RILEY-RETAIL-CASUAL,03/04/2026,0.00,0.00,0.00,0.00,0.00
PAY-20260403-EMP-PRIYA-RETAIL-SUP,EMP-PRIYA-RETAIL-SUP,03/04/2026,2.92,1.46,0.00,116.80,58.40
PAY-20260403-EMP-HANA-CAFE-PARTTIME,EMP-HANA-CAFE-PARTTIME,03/04/2026,1.54,0.77,0.00,61.60,30.80
PAY-20260403-EMP-MARCO-HOSP-CASUAL,EMP-MARCO-HOSP-CASUAL,03/04/2026,0.00,0.00,0.00,0.00,0.00
PAY-20260410-EMP-RILEY-RETAIL-CASUAL,EMP-RILEY-RETAIL-CASUAL,10/04/2026,0.00,0.00,0.00,0.00,0.00
PAY-20260410-EMP-PRIYA-RETAIL-SUP,EMP-PRIYA-RETAIL-SUP,10/04/2026,2.92,1.46,0.00,119.72,59.86
PAY-20260410-EMP-HANA-CAFE-PARTTIME,EMP-HANA-CAFE-PARTTIME,10/04/2026,1.54,0.77,0.00,63.14,31.57
PAY-20260410-EMP-MARCO-HOSP-CASUAL,EMP-MARCO-HOSP-CASUAL,10/04/2026,0.00,0.00,0.00,0.00,0.00
PAY-20260417-EMP-RILEY-RETAIL-CASUAL,EMP-RILEY-RETAIL-CASUAL,17/04/2026,0.00,0.00,0.00,0.00,0.00
PAY-20260417-EMP-PRIYA-RETAIL-SUP,EMP-PRIYA-RETAIL-SUP,17/04/2026,2.92,1.46,0.00,122.64,61.32
PAY-20260417-EMP-HANA-CAFE-PARTTIME,EMP-HANA-CAFE-PARTTIME,17/04/2026,1.54,0.77,0.00,64.68,32.34
PAY-20260417-EMP-MARCO-HOSP-CASUAL,EMP-MARCO-HOSP-CASUAL,17/04/2026,0.00,0.00,0.00,0.00,0.00
PAY-20260424-EMP-RILEY-RETAIL-CASUAL,EMP-RILEY-RETAIL-CASUAL,24/04/2026,0.00,0.00,0.00,0.00,0.00
PAY-20260424-EMP-PRIYA-RETAIL-SUP,EMP-PRIYA-RETAIL-SUP,24/04/2026,2.92,1.46,0.00,125.56,62.78
PAY-20260424-EMP-HANA-CAFE-PARTTIME,EMP-HANA-CAFE-PARTTIME,24/04/2026,1.54,0.77,0.00,66.22,33.11
PAY-20260424-EMP-MARCO-HOSP-CASUAL,EMP-MARCO-HOSP-CASUAL,24/04/2026,0.00,0.00,0.00,0.00,0.00
PAY-20260501-EMP-RILEY-RETAIL-CASUAL,EMP-RILEY-RETAIL-CASUAL,01/05/2026,0.00,0.00,0.00,0.00,0.00
PAY-20260501-EMP-PRIYA-RETAIL-SUP,EMP-PRIYA-RETAIL-SUP,01/05/2026,2.92,1.46,0.00,128.48,64.24
PAY-20260501-EMP-HANA-CAFE-PARTTIME,EMP-HANA-CAFE-PARTTIME,01/05/2026,1.54,0.77,0.00,67.76,33.88
PAY-20260501-EMP-MARCO-HOSP-CASUAL,EMP-MARCO-HOSP-CASUAL,01/05/2026,0.00,0.00,0.00,0.00,0.00
PAY-20260508-EMP-RILEY-RETAIL-CASUAL,EMP-RILEY-RETAIL-CASUAL,08/05/2026,0.00,0.00,0.00,0.00,0.00
PAY-20260508-EMP-PRIYA-RETAIL-SUP,EMP-PRIYA-RETAIL-SUP,08/05/2026,2.92,1.46,0.00,131.40,65.70
PAY-20260508-EMP-HANA-CAFE-PARTTIME,EMP-HANA-CAFE-PARTTIME,08/05/2026,1.54,0.77,0.00,69.30,34.65
PAY-20260508-EMP-MARCO-HOSP-CASUAL,EMP-MARCO-HOSP-CASUAL,08/05/2026,0.00,0.00,0.00,0.00,0.00
PAY-20260515-EMP-RILEY-RETAIL-CASUAL,EMP-RILEY-RETAIL-CASUAL,15/05/2026,0.00,0.00,0.00,0.00,0.00
PAY-20260515-EMP-PRIYA-RETAIL-SUP,EMP-PRIYA-RETAIL-SUP,15/05/2026,2.92,1.46,0.00,134.32,67.16
PAY-20260515-EMP-HANA-CAFE-PARTTIME,EMP-HANA-CAFE-PARTTIME,15/05/2026,1.54,0.77,0.00,70.84,35.42
PAY-20260515-EMP-MARCO-HOSP-CASUAL,EMP-MARCO-HOSP-CASUAL,15/05/2026,0.00,0.00,0.00,0.00,0.00
PAY-20260522-EMP-RILEY-RETAIL-CASUAL,EMP-RILEY-RETAIL-CASUAL,22/05/2026,0.00,0.00,0.00,0.00,0.00
PAY-20260522-EMP-PRIYA-RETAIL-SUP,EMP-PRIYA-RETAIL-SUP,22/05/2026,2.92,1.46,0.00,137.24,68.62
PAY-20260522-EMP-HANA-CAFE-PARTTIME,EMP-HANA-CAFE-PARTTIME,22/05/2026,1.54,0.77,0.00,72.38,36.19
PAY-20260522-EMP-MARCO-HOSP-CASUAL,EMP-MARCO-HOSP-CASUAL,22/05/2026,0.00,0.00,0.00,0.00,0.00
PAY-20260529-EMP-RILEY-RETAIL-CASUAL,EMP-RILEY-RETAIL-CASUAL,29/05/2026,0.00,0.00,0.00,0.00,0.00
PAY-20260529-EMP-PRIYA-RETAIL-SUP,EMP-PRIYA-RETAIL-SUP,29/05/2026,2.92,1.46,0.00,140.16,70.08
PAY-20260529-EMP-HANA-CAFE-PARTTIME,EMP-HANA-CAFE-PARTTIME,29/05/2026,1.54,0.77,0.00,73.92,36.96
PAY-20260529-EMP-MARCO-HOSP-CASUAL,EMP-MARCO-HOSP-CASUAL,29/05/2026,0.00,0.00,0.00,0.00,0.00
PAY-20260605-EMP-RILEY-RETAIL-CASUAL,EMP-RILEY-RETAIL-CASUAL,05/06/2026,0.00,0.00,0.00,0.00,0.00
PAY-20260605-EMP-PRIYA-RETAIL-SUP,EMP-PRIYA-RETAIL-SUP,05/06/2026,2.92,1.46,0.00,143.08,71.54
PAY-20260605-EMP-HANA-CAFE-PARTTIME,EMP-HANA-CAFE-PARTTIME,05/06/2026,1.54,0.77,0.00,75.46,37.73
PAY-20260605-EMP-MARCO-HOSP-CASUAL,EMP-MARCO-HOSP-CASUAL,05/06/2026,0.00,0.00,0.00,0.00,0.00
PAY-20260612-EMP-RILEY-RETAIL-CASUAL,EMP-RILEY-RETAIL-CASUAL,12/06/2026,0.00,0.00,0.00,0.00,0.00
PAY-20260612-EMP-PRIYA-RETAIL-SUP,EMP-PRIYA-RETAIL-SUP,12/06/2026,2.92,1.46,0.00,146.00,73.00
PAY-20260612-EMP-HANA-CAFE-PARTTIME,EMP-HANA-CAFE-PARTTIME,12/06/2026,1.54,0.77,0.00,77.00,38.50
PAY-20260612-EMP-MARCO-HOSP-CASUAL,EMP-MARCO-HOSP-CASUAL,12/06/2026,0.00,0.00,0.00,0.00,0.00
PAY-20260619-EMP-RILEY-RETAIL-CASUAL,EMP-RILEY-RETAIL-CASUAL,19/06/2026,0.00,0.00,0.00,0.00,0.00
PAY-20260619-EMP-PRIYA-RETAIL-SUP,EMP-PRIYA-RETAIL-SUP,19/06/2026,2.92,1.46,0.00,148.92,74.46
PAY-20260619-EMP-HANA-CAFE-PARTTIME,EMP-HANA-CAFE-PARTTIME,19/06/2026,1.54,0.77,0.00,78.54,39.27
PAY-20260619-EMP-MARCO-HOSP-CASUAL,EMP-MARCO-HOSP-CASUAL,19/06/2026,0.00,0.00,0.00,0.00,0.00
PAY-20260626-EMP-RILEY-RETAIL-CASUAL,EMP-RILEY-RETAIL-CASUAL,26/06/2026,0.00,0.00,0.00,0.00,0.00
PAY-20260626-EMP-PRIYA-RETAIL-SUP,EMP-PRIYA-RETAIL-SUP,26/06/2026,2.92,1.46,0.00,151.84,75.92
PAY-20260626-EMP-HANA-CAFE-PARTTIME,EMP-HANA-CAFE-PARTTIME,26/06/2026,1.54,0.77,0.00,80.08,40.04
PAY-20260626-EMP-MARCO-HOSP-CASUAL,EMP-MARCO-HOSP-CASUAL,26/06/2026,0.00,0.00,0.00,0.00,0.00
