PayRunID,EmployeeID,EmployeeName,PayDate,Frequency,GrossPay,PAYGWithholding,NetPay,EmployerSuperSG,BankNetWageSerial,BankPAYGSerial,BankSuperSerial
PAY-20250704-EMP-RILEY-RETAIL-CASUAL,EMP-RILEY-RETAIL-CASUAL,Riley Retail Casual,04/07/2025,weekly,829.75,103.00,726.75,99.57,PAYNET-PAY-20250704-EMP-RILEY-RETAIL-CASUAL,PAYG-PAY-20250704-EMP-RILEY-RETAIL-CASUAL,SUPER-PAY-20250704-EMP-RILEY-RETAIL-CASUAL
PAY-20250704-EMP-PRIYA-RETAIL-SUP,EMP-PRIYA-RETAIL-SUP,Priya Retail Supervisor,04/07/2025,weekly,1068.56,174.00,894.56,128.23,PAYNET-PAY-20250704-EMP-PRIYA-RETAIL-SUP,PAYG-PAY-20250704-EMP-PRIYA-RETAIL-SUP,SUPER-PAY-20250704-EMP-PRIYA-RETAIL-SUP
PAY-20250704-EMP-HANA-CAFE-PARTTIME,EMP-HANA-CAFE-PARTTIME,Hana Cafe Part-time,04/07/2025,weekly,517.00,26.00,491.00,62.04,PAYNET-PAY-20250704-EMP-HANA-CAFE-PARTTIME,PAYG-PAY-20250704-EMP-HANA-CAFE-PARTTIME,SUPER-PAY-20250704-EMP-HANA-CAFE-PARTTIME
PAY-20250704-EMP-MARCO-HOSP-CASUAL,EMP-MARCO-HOSP-CASUAL,Marco Hospitality Casual,04/07/2025,weekly,258.48,0.00,258.48,31.02,PAYNET-PAY-20250704-EMP-MARCO-HOSP-CASUAL,PAYG-PAY-20250704-EMP-MARCO-HOSP-CASUAL,SUPER-PAY-20250704-EMP-MARCO-HOSP-CASUAL
PAY-20250711-EMP-RILEY-RETAIL-CASUAL,EMP-RILEY-RETAIL-CASUAL,Riley Retail Casual,11/07/2025,weekly,829.75,103.00,726.75,99.57,PAYNET-PAY-20250711-EMP-RILEY-RETAIL-CASUAL,PAYG-PAY-20250711-EMP-RILEY-RETAIL-CASUAL,SUPER-PAY-20250711-EMP-RILEY-RETAIL-CASUAL
PAY-20250711-EMP-PRIYA-RETAIL-SUP,EMP-PRIYA-RETAIL-SUP,Priya Retail Supervisor,11/07/2025,weekly,1068.56,174.00,894.56,128.23,PAYNET-PAY-20250711-EMP-PRIYA-RETAIL-SUP,PAYG-PAY-20250711-EMP-PRIYA-RETAIL-SUP,SUPER-PAY-20250711-EMP-PRIYA-RETAIL-SUP
PAY-20250711-EMP-HANA-CAFE-PARTTIME,EMP-HANA-CAFE-PARTTIME,Hana Cafe Part-time,11/07/2025,weekly,517.00,26.00,491.00,62.04,PAYNET-PAY-20250711-EMP-HANA-CAFE-PARTTIME,PAYG-PAY-20250711-EMP-HANA-CAFE-PARTTIME,SUPER-PAY-20250711-EMP-HANA-CAFE-PARTTIME
PAY-20250711-EMP-MARCO-HOSP-CASUAL,EMP-MARCO-HOSP-CASUAL,Marco Hospitality Casual,11/07/2025,weekly,258.48,0.00,258.48,31.02,PAYNET-PAY-20250711-EMP-MARCO-HOSP-CASUAL,PAYG-PAY-20250711-EMP-MARCO-HOSP-CASUAL,SUPER-PAY-20250711-EMP-MARCO-HOSP-CASUAL
PAY-20250718-EMP-RILEY-RETAIL-CASUAL,EMP-RILEY-RETAIL-CASUAL,Riley Retail Casual,18/07/2025,weekly,829.75,103.00,726.75,99.57,PAYNET-PAY-20250718-EMP-RILEY-RETAIL-CASUAL,PAYG-PAY-20250718-EMP-RILEY-RETAIL-CASUAL,SUPER-PAY-20250718-EMP-RILEY-RETAIL-CASUAL
PAY-20250718-EMP-PRIYA-RETAIL-SUP,EMP-PRIYA-RETAIL-SUP,Priya Retail Supervisor,18/07/2025,weekly,1068.56,174.00,894.56,128.23,PAYNET-PAY-20250718-EMP-PRIYA-RETAIL-SUP,PAYG-PAY-20250718-EMP-PRIYA-RETAIL-SUP,SUPER-PAY-20250718-EMP-PRIYA-RETAIL-SUP
PAY-20250718-EMP-HANA-CAFE-PARTTIME,EMP-HANA-CAFE-PARTTIME,Hana Cafe Part-time,18/07/2025,weekly,517.00,26.00,491.00,62.04,PAYNET-PAY-20250718-EMP-HANA-CAFE-PARTTIME,PAYG-PAY-20250718-EMP-HANA-CAFE-PARTTIME,SUPER-PAY-20250718-EMP-HANA-CAFE-PARTTIME
PAY-20250718-EMP-MARCO-HOSP-CASUAL,EMP-MARCO-HOSP-CASUAL,Marco Hospitality Casual,18/07/2025,weekly,258.48,0.00,258.48,31.02,PAYNET-PAY-20250718-EMP-MARCO-HOSP-CASUAL,PAYG-PAY-20250718-EMP-MARCO-HOSP-CASUAL,SUPER-PAY-20250718-EMP-MARCO-HOSP-CASUAL
PAY-20250725-EMP-RILEY-RETAIL-CASUAL,EMP-RILEY-RETAIL-CASUAL,Riley Retail Casual,25/07/2025,weekly,829.75,103.00,726.75,99.57,PAYNET-PAY-20250725-EMP-RILEY-RETAIL-CASUAL,PAYG-PAY-20250725-EMP-RILEY-RETAIL-CASUAL,SUPER-PAY-20250725-EMP-RILEY-RETAIL-CASUAL
PAY-20250725-EMP-PRIYA-RETAIL-SUP,EMP-PRIYA-RETAIL-SUP,Priya Retail Supervisor,25/07/2025,weekly,1068.56,174.00,894.56,128.23,PAYNET-PAY-20250725-EMP-PRIYA-RETAIL-SUP,PAYG-PAY-20250725-EMP-PRIYA-RETAIL-SUP,SUPER-PAY-20250725-EMP-PRIYA-RETAIL-SUP
PAY-20250725-EMP-HANA-CAFE-PARTTIME,EMP-HANA-CAFE-PARTTIME,Hana Cafe Part-time,25/07/2025,weekly,517.00,26.00,491.00,62.04,PAYNET-PAY-20250725-EMP-HANA-CAFE-PARTTIME,PAYG-PAY-20250725-EMP-HANA-CAFE-PARTTIME,SUPER-PAY-20250725-EMP-HANA-CAFE-PARTTIME
PAY-20250725-EMP-MARCO-HOSP-CASUAL,EMP-MARCO-HOSP-CASUAL,Marco Hospitality Casual,25/07/2025,weekly,452.38,15.00,437.38,54.29,PAYNET-PAY-20250725-EMP-MARCO-HOSP-CASUAL,PAYG-PAY-20250725-EMP-MARCO-HOSP-CASUAL,SUPER-PAY-20250725-EMP-MARCO-HOSP-CASUAL
PAY-20250801-EMP-RILEY-RETAIL-CASUAL,EMP-RILEY-RETAIL-CASUAL,Riley Retail Casual,01/08/2025,weekly,829.75,103.00,726.75,99.57,PAYNET-PAY-20250801-EMP-RILEY-RETAIL-CASUAL,PAYG-PAY-20250801-EMP-RILEY-RETAIL-CASUAL,SUPER-PAY-20250801-EMP-RILEY-RETAIL-CASUAL
PAY-20250801-EMP-PRIYA-RETAIL-SUP,EMP-PRIYA-RETAIL-SUP,Priya Retail Supervisor,01/08/2025,weekly,1068.56,174.00,894.56,128.23,PAYNET-PAY-20250801-EMP-PRIYA-RETAIL-SUP,PAYG-PAY-20250801-EMP-PRIYA-RETAIL-SUP,SUPER-PAY-20250801-EMP-PRIYA-RETAIL-SUP
PAY-20250801-EMP-HANA-CAFE-PARTTIME,EMP-HANA-CAFE-PARTTIME,Hana Cafe Part-time,01/08/2025,weekly,517.00,26.00,491.00,62.04,PAYNET-PAY-20250801-EMP-HANA-CAFE-PARTTIME,PAYG-PAY-20250801-EMP-HANA-CAFE-PARTTIME,SUPER-PAY-20250801-EMP-HANA-CAFE-PARTTIME
PAY-20250801-EMP-MARCO-HOSP-CASUAL,EMP-MARCO-HOSP-CASUAL,Marco Hospitality Casual,01/08/2025,weekly,258.48,0.00,258.48,31.02,PAYNET-PAY-20250801-EMP-MARCO-HOSP-CASUAL,PAYG-PAY-20250801-EMP-MARCO-HOSP-CASUAL,SUPER-PAY-20250801-EMP-MARCO-HOSP-CASUAL
PAY-20250808-EMP-RILEY-RETAIL-CASUAL,EMP-RILEY-RETAIL-CASUAL,Riley Retail Casual,08/08/2025,weekly,829.75,103.00,726.75,99.57,PAYNET-PAY-20250808-EMP-RILEY-RETAIL-CASUAL,PAYG-PAY-20250808-EMP-RILEY-RETAIL-CASUAL,SUPER-PAY-20250808-EMP-RILEY-RETAIL-CASUAL
PAY-20250808-EMP-PRIYA-RETAIL-SUP,EMP-PRIYA-RETAIL-SUP,Priya Retail Supervisor,08/08/2025,weekly,1068.56,174.00,894.56,128.23,PAYNET-PAY-20250808-EMP-PRIYA-RETAIL-SUP,PAYG-PAY-20250808-EMP-PRIYA-RETAIL-SUP,SUPER-PAY-20250808-EMP-PRIYA-RETAIL-SUP
PAY-20250808-EMP-HANA-CAFE-PARTTIME,EMP-HANA-CAFE-PARTTIME,Hana Cafe Part-time,08/08/2025,weekly,517.00,26.00,491.00,62.04,PAYNET-PAY-20250808-EMP-HANA-CAFE-PARTTIME,PAYG-PAY-20250808-EMP-HANA-CAFE-PARTTIME,SUPER-PAY-20250808-EMP-HANA-CAFE-PARTTIME
PAY-20250808-EMP-MARCO-HOSP-CASUAL,EMP-MARCO-HOSP-CASUAL,Marco Hospitality Casual,08/08/2025,weekly,258.48,0.00,258.48,31.02,PAYNET-PAY-20250808-EMP-MARCO-HOSP-CASUAL,PAYG-PAY-20250808-EMP-MARCO-HOSP-CASUAL,SUPER-PAY-20250808-EMP-MARCO-HOSP-CASUAL
PAY-20250815-EMP-RILEY-RETAIL-CASUAL,EMP-RILEY-RETAIL-CASUAL,Riley Retail Casual,15/08/2025,weekly,829.75,103.00,726.75,99.57,PAYNET-PAY-20250815-EMP-RILEY-RETAIL-CASUAL,PAYG-PAY-20250815-EMP-RILEY-RETAIL-CASUAL,SUPER-PAY-20250815-EMP-RILEY-RETAIL-CASUAL
PAY-20250815-EMP-PRIYA-RETAIL-SUP,EMP-PRIYA-RETAIL-SUP,Priya Retail Supervisor,15/08/2025,weekly,1068.56,174.00,894.56,128.23,PAYNET-PAY-20250815-EMP-PRIYA-RETAIL-SUP,PAYG-PAY-20250815-EMP-PRIYA-RETAIL-SUP,SUPER-PAY-20250815-EMP-PRIYA-RETAIL-SUP
PAY-20250815-EMP-HANA-CAFE-PARTTIME,EMP-HANA-CAFE-PARTTIME,Hana Cafe Part-time,15/08/2025,weekly,517.00,26.00,491.00,62.04,PAYNET-PAY-20250815-EMP-HANA-CAFE-PARTTIME,PAYG-PAY-20250815-EMP-HANA-CAFE-PARTTIME,SUPER-PAY-20250815-EMP-HANA-CAFE-PARTTIME
PAY-20250815-EMP-MARCO-HOSP-CASUAL,EMP-MARCO-HOSP-CASUAL,Marco Hospitality Casual,15/08/2025,weekly,258.48,0.00,258.48,31.02,PAYNET-PAY-20250815-EMP-MARCO-HOSP-CASUAL,PAYG-PAY-20250815-EMP-MARCO-HOSP-CASUAL,SUPER-PAY-20250815-EMP-MARCO-HOSP-CASUAL
PAY-20250822-EMP-RILEY-RETAIL-CASUAL,EMP-RILEY-RETAIL-CASUAL,Riley Retail Casual,22/08/2025,weekly,829.75,103.00,726.75,99.57,PAYNET-PAY-20250822-EMP-RILEY-RETAIL-CASUAL,PAYG-PAY-20250822-EMP-RILEY-RETAIL-CASUAL,SUPER-PAY-20250822-EMP-RILEY-RETAIL-CASUAL
PAY-20250822-EMP-PRIYA-RETAIL-SUP,EMP-PRIYA-RETAIL-SUP,Priya Retail Supervisor,22/08/2025,weekly,1068.56,174.00,894.56,128.23,PAYNET-PAY-20250822-EMP-PRIYA-RETAIL-SUP,PAYG-PAY-20250822-EMP-PRIYA-RETAIL-SUP,SUPER-PAY-20250822-EMP-PRIYA-RETAIL-SUP
PAY-20250822-EMP-HANA-CAFE-PARTTIME,EMP-HANA-CAFE-PARTTIME,Hana Cafe Part-time,22/08/2025,weekly,517.00,26.00,491.00,62.04,PAYNET-PAY-20250822-EMP-HANA-CAFE-PARTTIME,PAYG-PAY-20250822-EMP-HANA-CAFE-PARTTIME,SUPER-PAY-20250822-EMP-HANA-CAFE-PARTTIME
PAY-20250822-EMP-MARCO-HOSP-CASUAL,EMP-MARCO-HOSP-CASUAL,Marco Hospitality Casual,22/08/2025,weekly,452.38,15.00,437.38,54.29,PAYNET-PAY-20250822-EMP-MARCO-HOSP-CASUAL,PAYG-PAY-20250822-EMP-MARCO-HOSP-CASUAL,SUPER-PAY-20250822-EMP-MARCO-HOSP-CASUAL
PAY-20250829-EMP-RILEY-RETAIL-CASUAL,EMP-RILEY-RETAIL-CASUAL,Riley Retail Casual,29/08/2025,weekly,829.75,103.00,726.75,99.57,PAYNET-PAY-20250829-EMP-RILEY-RETAIL-CASUAL,PAYG-PAY-20250829-EMP-RILEY-RETAIL-CASUAL,SUPER-PAY-20250829-EMP-RILEY-RETAIL-CASUAL
PAY-20250829-EMP-PRIYA-RETAIL-SUP,EMP-PRIYA-RETAIL-SUP,Priya Retail Supervisor,29/08/2025,weekly,1068.56,174.00,894.56,128.23,PAYNET-PAY-20250829-EMP-PRIYA-RETAIL-SUP,PAYG-PAY-20250829-EMP-PRIYA-RETAIL-SUP,SUPER-PAY-20250829-EMP-PRIYA-RETAIL-SUP
PAY-20250829-EMP-HANA-CAFE-PARTTIME,EMP-HANA-CAFE-PARTTIME,Hana Cafe Part-time,29/08/2025,weekly,517.00,26.00,491.00,62.04,PAYNET-PAY-20250829-EMP-HANA-CAFE-PARTTIME,PAYG-PAY-20250829-EMP-HANA-CAFE-PARTTIME,SUPER-PAY-20250829-EMP-HANA-CAFE-PARTTIME
PAY-20250829-EMP-MARCO-HOSP-CASUAL,EMP-MARCO-HOSP-CASUAL,Marco Hospitality Casual,29/08/2025,weekly,258.48,0.00,258.48,31.02,PAYNET-PAY-20250829-EMP-MARCO-HOSP-CASUAL,PAYG-PAY-20250829-EMP-MARCO-HOSP-CASUAL,SUPER-PAY-20250829-EMP-MARCO-HOSP-CASUAL
PAY-20250905-EMP-RILEY-RETAIL-CASUAL,EMP-RILEY-RETAIL-CASUAL,Riley Retail Casual,05/09/2025,weekly,829.75,103.00,726.75,99.57,PAYNET-PAY-20250905-EMP-RILEY-RETAIL-CASUAL,PAYG-PAY-20250905-EMP-RILEY-RETAIL-CASUAL,SUPER-PAY-20250905-EMP-RILEY-RETAIL-CASUAL
PAY-20250905-EMP-PRIYA-RETAIL-SUP,EMP-PRIYA-RETAIL-SUP,Priya Retail Supervisor,05/09/2025,weekly,1068.56,174.00,894.56,128.23,PAYNET-PAY-20250905-EMP-PRIYA-RETAIL-SUP,PAYG-PAY-20250905-EMP-PRIYA-RETAIL-SUP,SUPER-PAY-20250905-EMP-PRIYA-RETAIL-SUP
PAY-20250905-EMP-HANA-CAFE-PARTTIME,EMP-HANA-CAFE-PARTTIME,Hana Cafe Part-time,05/09/2025,weekly,517.00,26.00,491.00,62.04,PAYNET-PAY-20250905-EMP-HANA-CAFE-PARTTIME,PAYG-PAY-20250905-EMP-HANA-CAFE-PARTTIME,SUPER-PAY-20250905-EMP-HANA-CAFE-PARTTIME
PAY-20250905-EMP-MARCO-HOSP-CASUAL,EMP-MARCO-HOSP-CASUAL,Marco Hospitality Casual,05/09/2025,weekly,258.48,0.00,258.48,31.02,PAYNET-PAY-20250905-EMP-MARCO-HOSP-CASUAL,PAYG-PAY-20250905-EMP-MARCO-HOSP-CASUAL,SUPER-PAY-20250905-EMP-MARCO-HOSP-CASUAL
PAY-20250912-EMP-RILEY-RETAIL-CASUAL,EMP-RILEY-RETAIL-CASUAL,Riley Retail Casual,12/09/2025,weekly,829.75,103.00,726.75,99.57,PAYNET-PAY-20250912-EMP-RILEY-RETAIL-CASUAL,PAYG-PAY-20250912-EMP-RILEY-RETAIL-CASUAL,SUPER-PAY-20250912-EMP-RILEY-RETAIL-CASUAL
PAY-20250912-EMP-PRIYA-RETAIL-SUP,EMP-PRIYA-RETAIL-SUP,Priya Retail Supervisor,12/09/2025,weekly,1068.56,174.00,894.56,128.23,PAYNET-PAY-20250912-EMP-PRIYA-RETAIL-SUP,PAYG-PAY-20250912-EMP-PRIYA-RETAIL-SUP,SUPER-PAY-20250912-EMP-PRIYA-RETAIL-SUP
PAY-20250912-EMP-HANA-CAFE-PARTTIME,EMP-HANA-CAFE-PARTTIME,Hana Cafe Part-time,12/09/2025,weekly,517.00,26.00,491.00,62.04,PAYNET-PAY-20250912-EMP-HANA-CAFE-PARTTIME,PAYG-PAY-20250912-EMP-HANA-CAFE-PARTTIME,SUPER-PAY-20250912-EMP-HANA-CAFE-PARTTIME
PAY-20250912-EMP-MARCO-HOSP-CASUAL,EMP-MARCO-HOSP-CASUAL,Marco Hospitality Casual,12/09/2025,weekly,258.48,0.00,258.48,31.02,PAYNET-PAY-20250912-EMP-MARCO-HOSP-CASUAL,PAYG-PAY-20250912-EMP-MARCO-HOSP-CASUAL,SUPER-PAY-20250912-EMP-MARCO-HOSP-CASUAL
PAY-20250919-EMP-RILEY-RETAIL-CASUAL,EMP-RILEY-RETAIL-CASUAL,Riley Retail Casual,19/09/2025,weekly,829.75,103.00,726.75,99.57,PAYNET-PAY-20250919-EMP-RILEY-RETAIL-CASUAL,PAYG-PAY-20250919-EMP-RILEY-RETAIL-CASUAL,SUPER-PAY-20250919-EMP-RILEY-RETAIL-CASUAL
PAY-20250919-EMP-PRIYA-RETAIL-SUP,EMP-PRIYA-RETAIL-SUP,Priya Retail Supervisor,19/09/2025,weekly,1068.56,174.00,894.56,128.23,PAYNET-PAY-20250919-EMP-PRIYA-RETAIL-SUP,PAYG-PAY-20250919-EMP-PRIYA-RETAIL-SUP,SUPER-PAY-20250919-EMP-PRIYA-RETAIL-SUP
PAY-20250919-EMP-HANA-CAFE-PARTTIME,EMP-HANA-CAFE-PARTTIME,Hana Cafe Part-time,19/09/2025,weekly,517.00,26.00,491.00,62.04,PAYNET-PAY-20250919-EMP-HANA-CAFE-PARTTIME,PAYG-PAY-20250919-EMP-HANA-CAFE-PARTTIME,SUPER-PAY-20250919-EMP-HANA-CAFE-PARTTIME
PAY-20250919-EMP-MARCO-HOSP-CASUAL,EMP-MARCO-HOSP-CASUAL,Marco Hospitality Casual,19/09/2025,weekly,452.38,15.00,437.38,54.29,PAYNET-PAY-20250919-EMP-MARCO-HOSP-CASUAL,PAYG-PAY-20250919-EMP-MARCO-HOSP-CASUAL,SUPER-PAY-20250919-EMP-MARCO-HOSP-CASUAL
PAY-20250926-EMP-RILEY-RETAIL-CASUAL,EMP-RILEY-RETAIL-CASUAL,Riley Retail Casual,26/09/2025,weekly,829.75,103.00,726.75,99.57,PAYNET-PAY-20250926-EMP-RILEY-RETAIL-CASUAL,PAYG-PAY-20250926-EMP-RILEY-RETAIL-CASUAL,SUPER-PAY-20250926-EMP-RILEY-RETAIL-CASUAL
PAY-20250926-EMP-PRIYA-RETAIL-SUP,EMP-PRIYA-RETAIL-SUP,Priya Retail Supervisor,26/09/2025,weekly,1068.56,174.00,894.56,128.23,PAYNET-PAY-20250926-EMP-PRIYA-RETAIL-SUP,PAYG-PAY-20250926-EMP-PRIYA-RETAIL-SUP,SUPER-PAY-20250926-EMP-PRIYA-RETAIL-SUP
PAY-20250926-EMP-HANA-CAFE-PARTTIME,EMP-HANA-CAFE-PARTTIME,Hana Cafe Part-time,26/09/2025,weekly,517.00,26.00,491.00,62.04,PAYNET-PAY-20250926-EMP-HANA-CAFE-PARTTIME,PAYG-PAY-20250926-EMP-HANA-CAFE-PARTTIME,SUPER-PAY-20250926-EMP-HANA-CAFE-PARTTIME
PAY-20250926-EMP-MARCO-HOSP-CASUAL,EMP-MARCO-HOSP-CASUAL,Marco Hospitality Casual,26/09/2025,weekly,517.00,26.00,491.00,62.04,PAYNET-PAY-20250926-EMP-MARCO-HOSP-CASUAL,PAYG-PAY-20250926-EMP-MARCO-HOSP-CASUAL,SUPER-PAY-20250926-EMP-MARCO-HOSP-CASUAL
PAY-20251003-EMP-RILEY-RETAIL-CASUAL,EMP-RILEY-RETAIL-CASUAL,Riley Retail Casual,03/10/2025,weekly,829.75,103.00,726.75,99.57,PAYNET-PAY-20251003-EMP-RILEY-RETAIL-CASUAL,PAYG-PAY-20251003-EMP-RILEY-RETAIL-CASUAL,SUPER-PAY-20251003-EMP-RILEY-RETAIL-CASUAL
PAY-20251003-EMP-PRIYA-RETAIL-SUP,EMP-PRIYA-RETAIL-SUP,Priya Retail Supervisor,03/10/2025,weekly,1068.56,174.00,894.56,128.23,PAYNET-PAY-20251003-EMP-PRIYA-RETAIL-SUP,PAYG-PAY-20251003-EMP-PRIYA-RETAIL-SUP,SUPER-PAY-20251003-EMP-PRIYA-RETAIL-SUP
PAY-20251003-EMP-HANA-CAFE-PARTTIME,EMP-HANA-CAFE-PARTTIME,Hana Cafe Part-time,03/10/2025,weekly,517.00,26.00,491.00,62.04,PAYNET-PAY-20251003-EMP-HANA-CAFE-PARTTIME,PAYG-PAY-20251003-EMP-HANA-CAFE-PARTTIME,SUPER-PAY-20251003-EMP-HANA-CAFE-PARTTIME
PAY-20251003-EMP-MARCO-HOSP-CASUAL,EMP-MARCO-HOSP-CASUAL,Marco Hospitality Casual,03/10/2025,weekly,258.48,0.00,258.48,31.02,PAYNET-PAY-20251003-EMP-MARCO-HOSP-CASUAL,PAYG-PAY-20251003-EMP-MARCO-HOSP-CASUAL,SUPER-PAY-20251003-EMP-MARCO-HOSP-CASUAL
PAY-20251010-EMP-RILEY-RETAIL-CASUAL,EMP-RILEY-RETAIL-CASUAL,Riley Retail Casual,10/10/2025,weekly,829.75,103.00,726.75,99.57,PAYNET-PAY-20251010-EMP-RILEY-RETAIL-CASUAL,PAYG-PAY-20251010-EMP-RILEY-RETAIL-CASUAL,SUPER-PAY-20251010-EMP-RILEY-RETAIL-CASUAL
PAY-20251010-EMP-PRIYA-RETAIL-SUP,EMP-PRIYA-RETAIL-SUP,Priya Retail Supervisor,10/10/2025,weekly,1068.56,174.00,894.56,128.23,PAYNET-PAY-20251010-EMP-PRIYA-RETAIL-SUP,PAYG-PAY-20251010-EMP-PRIYA-RETAIL-SUP,SUPER-PAY-20251010-EMP-PRIYA-RETAIL-SUP
PAY-20251010-EMP-HANA-CAFE-PARTTIME,EMP-HANA-CAFE-PARTTIME,Hana Cafe Part-time,10/10/2025,weekly,517.00,26.00,491.00,62.04,PAYNET-PAY-20251010-EMP-HANA-CAFE-PARTTIME,PAYG-PAY-20251010-EMP-HANA-CAFE-PARTTIME,SUPER-PAY-20251010-EMP-HANA-CAFE-PARTTIME
PAY-20251010-EMP-MARCO-HOSP-CASUAL,EMP-MARCO-HOSP-CASUAL,Marco Hospitality Casual,10/10/2025,weekly,258.48,0.00,258.48,31.02,PAYNET-PAY-20251010-EMP-MARCO-HOSP-CASUAL,PAYG-PAY-20251010-EMP-MARCO-HOSP-CASUAL,SUPER-PAY-20251010-EMP-MARCO-HOSP-CASUAL
PAY-20251017-EMP-RILEY-RETAIL-CASUAL,EMP-RILEY-RETAIL-CASUAL,Riley Retail Casual,17/10/2025,weekly,829.75,103.00,726.75,99.57,PAYNET-PAY-20251017-EMP-RILEY-RETAIL-CASUAL,PAYG-PAY-20251017-EMP-RILEY-RETAIL-CASUAL,SUPER-PAY-20251017-EMP-RILEY-RETAIL-CASUAL
PAY-20251017-EMP-PRIYA-RETAIL-SUP,EMP-PRIYA-RETAIL-SUP,Priya Retail Supervisor,17/10/2025,weekly,1068.56,174.00,894.56,128.23,PAYNET-PAY-20251017-EMP-PRIYA-RETAIL-SUP,PAYG-PAY-20251017-EMP-PRIYA-RETAIL-SUP,SUPER-PAY-20251017-EMP-PRIYA-RETAIL-SUP
PAY-20251017-EMP-HANA-CAFE-PARTTIME,EMP-HANA-CAFE-PARTTIME,Hana Cafe Part-time,17/10/2025,weekly,517.00,26.00,491.00,62.04,PAYNET-PAY-20251017-EMP-HANA-CAFE-PARTTIME,PAYG-PAY-20251017-EMP-HANA-CAFE-PARTTIME,SUPER-PAY-20251017-EMP-HANA-CAFE-PARTTIME
PAY-20251017-EMP-MARCO-HOSP-CASUAL,EMP-MARCO-HOSP-CASUAL,Marco Hospitality Casual,17/10/2025,weekly,452.38,15.00,437.38,54.29,PAYNET-PAY-20251017-EMP-MARCO-HOSP-CASUAL,PAYG-PAY-20251017-EMP-MARCO-HOSP-CASUAL,SUPER-PAY-20251017-EMP-MARCO-HOSP-CASUAL
PAY-20251024-EMP-RILEY-RETAIL-CASUAL,EMP-RILEY-RETAIL-CASUAL,Riley Retail Casual,24/10/2025,weekly,829.75,103.00,726.75,99.57,PAYNET-PAY-20251024-EMP-RILEY-RETAIL-CASUAL,PAYG-PAY-20251024-EMP-RILEY-RETAIL-CASUAL,SUPER-PAY-20251024-EMP-RILEY-RETAIL-CASUAL
PAY-20251024-EMP-PRIYA-RETAIL-SUP,EMP-PRIYA-RETAIL-SUP,Priya Retail Supervisor,24/10/2025,weekly,1068.56,174.00,894.56,128.23,PAYNET-PAY-20251024-EMP-PRIYA-RETAIL-SUP,PAYG-PAY-20251024-EMP-PRIYA-RETAIL-SUP,SUPER-PAY-20251024-EMP-PRIYA-RETAIL-SUP
PAY-20251024-EMP-HANA-CAFE-PARTTIME,EMP-HANA-CAFE-PARTTIME,Hana Cafe Part-time,24/10/2025,weekly,517.00,26.00,491.00,62.04,PAYNET-PAY-20251024-EMP-HANA-CAFE-PARTTIME,PAYG-PAY-20251024-EMP-HANA-CAFE-PARTTIME,SUPER-PAY-20251024-EMP-HANA-CAFE-PARTTIME
PAY-20251024-EMP-MARCO-HOSP-CASUAL,EMP-MARCO-HOSP-CASUAL,Marco Hospitality Casual,24/10/2025,weekly,258.48,0.00,258.48,31.02,PAYNET-PAY-20251024-EMP-MARCO-HOSP-CASUAL,PAYG-PAY-20251024-EMP-MARCO-HOSP-CASUAL,SUPER-PAY-20251024-EMP-MARCO-HOSP-CASUAL
PAY-20251031-EMP-RILEY-RETAIL-CASUAL,EMP-RILEY-RETAIL-CASUAL,Riley Retail Casual,31/10/2025,weekly,829.75,103.00,726.75,99.57,PAYNET-PAY-20251031-EMP-RILEY-RETAIL-CASUAL,PAYG-PAY-20251031-EMP-RILEY-RETAIL-CASUAL,SUPER-PAY-20251031-EMP-RILEY-RETAIL-CASUAL
PAY-20251031-EMP-PRIYA-RETAIL-SUP,EMP-PRIYA-RETAIL-SUP,Priya Retail Supervisor,31/10/2025,weekly,1068.56,174.00,894.56,128.23,PAYNET-PAY-20251031-EMP-PRIYA-RETAIL-SUP,PAYG-PAY-20251031-EMP-PRIYA-RETAIL-SUP,SUPER-PAY-20251031-EMP-PRIYA-RETAIL-SUP
PAY-20251031-EMP-HANA-CAFE-PARTTIME,EMP-HANA-CAFE-PARTTIME,Hana Cafe Part-time,31/10/2025,weekly,517.00,26.00,491.00,62.04,PAYNET-PAY-20251031-EMP-HANA-CAFE-PARTTIME,PAYG-PAY-20251031-EMP-HANA-CAFE-PARTTIME,SUPER-PAY-20251031-EMP-HANA-CAFE-PARTTIME
PAY-20251031-EMP-MARCO-HOSP-CASUAL,EMP-MARCO-HOSP-CASUAL,Marco Hospitality Casual,31/10/2025,weekly,258.48,0.00,258.48,31.02,PAYNET-PAY-20251031-EMP-MARCO-HOSP-CASUAL,PAYG-PAY-20251031-EMP-MARCO-HOSP-CASUAL,SUPER-PAY-20251031-EMP-MARCO-HOSP-CASUAL
PAY-20251107-EMP-RILEY-RETAIL-CASUAL,EMP-RILEY-RETAIL-CASUAL,Riley Retail Casual,07/11/2025,weekly,829.75,103.00,726.75,99.57,PAYNET-PAY-20251107-EMP-RILEY-RETAIL-CASUAL,PAYG-PAY-20251107-EMP-RILEY-RETAIL-CASUAL,SUPER-PAY-20251107-EMP-RILEY-RETAIL-CASUAL
PAY-20251107-EMP-PRIYA-RETAIL-SUP,EMP-PRIYA-RETAIL-SUP,Priya Retail Supervisor,07/11/2025,weekly,1068.56,174.00,894.56,128.23,PAYNET-PAY-20251107-EMP-PRIYA-RETAIL-SUP,PAYG-PAY-20251107-EMP-PRIYA-RETAIL-SUP,SUPER-PAY-20251107-EMP-PRIYA-RETAIL-SUP
PAY-20251107-EMP-HANA-CAFE-PARTTIME,EMP-HANA-CAFE-PARTTIME,Hana Cafe Part-time,07/11/2025,weekly,517.00,26.00,491.00,62.04,PAYNET-PAY-20251107-EMP-HANA-CAFE-PARTTIME,PAYG-PAY-20251107-EMP-HANA-CAFE-PARTTIME,SUPER-PAY-20251107-EMP-HANA-CAFE-PARTTIME
PAY-20251107-EMP-MARCO-HOSP-CASUAL,EMP-MARCO-HOSP-CASUAL,Marco Hospitality Casual,07/11/2025,weekly,258.48,0.00,258.48,31.02,PAYNET-PAY-20251107-EMP-MARCO-HOSP-CASUAL,PAYG-PAY-20251107-EMP-MARCO-HOSP-CASUAL,SUPER-PAY-20251107-EMP-MARCO-HOSP-CASUAL
PAY-20251114-EMP-RILEY-RETAIL-CASUAL,EMP-RILEY-RETAIL-CASUAL,Riley Retail Casual,14/11/2025,weekly,829.75,103.00,726.75,99.57,PAYNET-PAY-20251114-EMP-RILEY-RETAIL-CASUAL,PAYG-PAY-20251114-EMP-RILEY-RETAIL-CASUAL,SUPER-PAY-20251114-EMP-RILEY-RETAIL-CASUAL
PAY-20251114-EMP-PRIYA-RETAIL-SUP,EMP-PRIYA-RETAIL-SUP,Priya Retail Supervisor,14/11/2025,weekly,1068.56,174.00,894.56,128.23,PAYNET-PAY-20251114-EMP-PRIYA-RETAIL-SUP,PAYG-PAY-20251114-EMP-PRIYA-RETAIL-SUP,SUPER-PAY-20251114-EMP-PRIYA-RETAIL-SUP
PAY-20251114-EMP-HANA-CAFE-PARTTIME,EMP-HANA-CAFE-PARTTIME,Hana Cafe Part-time,14/11/2025,weekly,517.00,26.00,491.00,62.04,PAYNET-PAY-20251114-EMP-HANA-CAFE-PARTTIME,PAYG-PAY-20251114-EMP-HANA-CAFE-PARTTIME,SUPER-PAY-20251114-EMP-HANA-CAFE-PARTTIME
PAY-20251114-EMP-MARCO-HOSP-CASUAL,EMP-MARCO-HOSP-CASUAL,Marco Hospitality Casual,14/11/2025,weekly,452.38,15.00,437.38,54.29,PAYNET-PAY-20251114-EMP-MARCO-HOSP-CASUAL,PAYG-PAY-20251114-EMP-MARCO-HOSP-CASUAL,SUPER-PAY-20251114-EMP-MARCO-HOSP-CASUAL
PAY-20251121-EMP-RILEY-RETAIL-CASUAL,EMP-RILEY-RETAIL-CASUAL,Riley Retail Casual,21/11/2025,weekly,829.75,103.00,726.75,99.57,PAYNET-PAY-20251121-EMP-RILEY-RETAIL-CASUAL,PAYG-PAY-20251121-EMP-RILEY-RETAIL-CASUAL,SUPER-PAY-20251121-EMP-RILEY-RETAIL-CASUAL
PAY-20251121-EMP-PRIYA-RETAIL-SUP,EMP-PRIYA-RETAIL-SUP,Priya Retail Supervisor,21/11/2025,weekly,1068.56,174.00,894.56,128.23,PAYNET-PAY-20251121-EMP-PRIYA-RETAIL-SUP,PAYG-PAY-20251121-EMP-PRIYA-RETAIL-SUP,SUPER-PAY-20251121-EMP-PRIYA-RETAIL-SUP
PAY-20251121-EMP-HANA-CAFE-PARTTIME,EMP-HANA-CAFE-PARTTIME,Hana Cafe Part-time,21/11/2025,weekly,517.00,26.00,491.00,62.04,PAYNET-PAY-20251121-EMP-HANA-CAFE-PARTTIME,PAYG-PAY-20251121-EMP-HANA-CAFE-PARTTIME,SUPER-PAY-20251121-EMP-HANA-CAFE-PARTTIME
PAY-20251121-EMP-MARCO-HOSP-CASUAL,EMP-MARCO-HOSP-CASUAL,Marco Hospitality Casual,21/11/2025,weekly,258.48,0.00,258.48,31.02,PAYNET-PAY-20251121-EMP-MARCO-HOSP-CASUAL,PAYG-PAY-20251121-EMP-MARCO-HOSP-CASUAL,SUPER-PAY-20251121-EMP-MARCO-HOSP-CASUAL
PAY-20251128-EMP-RILEY-RETAIL-CASUAL,EMP-RILEY-RETAIL-CASUAL,Riley Retail Casual,28/11/2025,weekly,829.75,103.00,726.75,99.57,PAYNET-PAY-20251128-EMP-RILEY-RETAIL-CASUAL,PAYG-PAY-20251128-EMP-RILEY-RETAIL-CASUAL,SUPER-PAY-20251128-EMP-RILEY-RETAIL-CASUAL
PAY-20251128-EMP-PRIYA-RETAIL-SUP,EMP-PRIYA-RETAIL-SUP,Priya Retail Supervisor,28/11/2025,weekly,1068.56,174.00,894.56,128.23,PAYNET-PAY-20251128-EMP-PRIYA-RETAIL-SUP,PAYG-PAY-20251128-EMP-PRIYA-RETAIL-SUP,SUPER-PAY-20251128-EMP-PRIYA-RETAIL-SUP
PAY-20251128-EMP-HANA-CAFE-PARTTIME,EMP-HANA-CAFE-PARTTIME,Hana Cafe Part-time,28/11/2025,weekly,517.00,26.00,491.00,62.04,PAYNET-PAY-20251128-EMP-HANA-CAFE-PARTTIME,PAYG-PAY-20251128-EMP-HANA-CAFE-PARTTIME,SUPER-PAY-20251128-EMP-HANA-CAFE-PARTTIME
PAY-20251128-EMP-MARCO-HOSP-CASUAL,EMP-MARCO-HOSP-CASUAL,Marco Hospitality Casual,28/11/2025,weekly,258.48,0.00,258.48,31.02,PAYNET-PAY-20251128-EMP-MARCO-HOSP-CASUAL,PAYG-PAY-20251128-EMP-MARCO-HOSP-CASUAL,SUPER-PAY-20251128-EMP-MARCO-HOSP-CASUAL
PAY-20251205-EMP-RILEY-RETAIL-CASUAL,EMP-RILEY-RETAIL-CASUAL,Riley Retail Casual,05/12/2025,weekly,829.75,103.00,726.75,99.57,PAYNET-PAY-20251205-EMP-RILEY-RETAIL-CASUAL,PAYG-PAY-20251205-EMP-RILEY-RETAIL-CASUAL,SUPER-PAY-20251205-EMP-RILEY-RETAIL-CASUAL
PAY-20251205-EMP-PRIYA-RETAIL-SUP,EMP-PRIYA-RETAIL-SUP,Priya Retail Supervisor,05/12/2025,weekly,1068.56,174.00,894.56,128.23,PAYNET-PAY-20251205-EMP-PRIYA-RETAIL-SUP,PAYG-PAY-20251205-EMP-PRIYA-RETAIL-SUP,SUPER-PAY-20251205-EMP-PRIYA-RETAIL-SUP
PAY-20251205-EMP-HANA-CAFE-PARTTIME,EMP-HANA-CAFE-PARTTIME,Hana Cafe Part-time,05/12/2025,weekly,517.00,26.00,491.00,62.04,PAYNET-PAY-20251205-EMP-HANA-CAFE-PARTTIME,PAYG-PAY-20251205-EMP-HANA-CAFE-PARTTIME,SUPER-PAY-20251205-EMP-HANA-CAFE-PARTTIME
PAY-20251205-EMP-MARCO-HOSP-CASUAL,EMP-MARCO-HOSP-CASUAL,Marco Hospitality Casual,05/12/2025,weekly,258.48,0.00,258.48,31.02,PAYNET-PAY-20251205-EMP-MARCO-HOSP-CASUAL,PAYG-PAY-20251205-EMP-MARCO-HOSP-CASUAL,SUPER-PAY-20251205-EMP-MARCO-HOSP-CASUAL
PAY-20251212-EMP-RILEY-RETAIL-CASUAL,EMP-RILEY-RETAIL-CASUAL,Riley Retail Casual,12/12/2025,weekly,829.75,103.00,726.75,99.57,PAYNET-PAY-20251212-EMP-RILEY-RETAIL-CASUAL,PAYG-PAY-20251212-EMP-RILEY-RETAIL-CASUAL,SUPER-PAY-20251212-EMP-RILEY-RETAIL-CASUAL
PAY-20251212-EMP-PRIYA-RETAIL-SUP,EMP-PRIYA-RETAIL-SUP,Priya Retail Supervisor,12/12/2025,weekly,1068.56,174.00,894.56,128.23,PAYNET-PAY-20251212-EMP-PRIYA-RETAIL-SUP,PAYG-PAY-20251212-EMP-PRIYA-RETAIL-SUP,SUPER-PAY-20251212-EMP-PRIYA-RETAIL-SUP
PAY-20251212-EMP-HANA-CAFE-PARTTIME,EMP-HANA-CAFE-PARTTIME,Hana Cafe Part-time,12/12/2025,weekly,517.00,26.00,491.00,62.04,PAYNET-PAY-20251212-EMP-HANA-CAFE-PARTTIME,PAYG-PAY-20251212-EMP-HANA-CAFE-PARTTIME,SUPER-PAY-20251212-EMP-HANA-CAFE-PARTTIME
PAY-20251212-EMP-MARCO-HOSP-CASUAL,EMP-MARCO-HOSP-CASUAL,Marco Hospitality Casual,12/12/2025,weekly,452.38,15.00,437.38,54.29,PAYNET-PAY-20251212-EMP-MARCO-HOSP-CASUAL,PAYG-PAY-20251212-EMP-MARCO-HOSP-CASUAL,SUPER-PAY-20251212-EMP-MARCO-HOSP-CASUAL
PAY-20251219-EMP-RILEY-RETAIL-CASUAL,EMP-RILEY-RETAIL-CASUAL,Riley Retail Casual,19/12/2025,weekly,829.75,103.00,726.75,99.57,PAYNET-PAY-20251219-EMP-RILEY-RETAIL-CASUAL,PAYG-PAY-20251219-EMP-RILEY-RETAIL-CASUAL,SUPER-PAY-20251219-EMP-RILEY-RETAIL-CASUAL
PAY-20251219-EMP-PRIYA-RETAIL-SUP,EMP-PRIYA-RETAIL-SUP,Priya Retail Supervisor,19/12/2025,weekly,1068.56,174.00,894.56,128.23,PAYNET-PAY-20251219-EMP-PRIYA-RETAIL-SUP,PAYG-PAY-20251219-EMP-PRIYA-RETAIL-SUP,SUPER-PAY-20251219-EMP-PRIYA-RETAIL-SUP
PAY-20251219-EMP-HANA-CAFE-PARTTIME,EMP-HANA-CAFE-PARTTIME,Hana Cafe Part-time,19/12/2025,weekly,517.00,26.00,491.00,62.04,PAYNET-PAY-20251219-EMP-HANA-CAFE-PARTTIME,PAYG-PAY-20251219-EMP-HANA-CAFE-PARTTIME,SUPER-PAY-20251219-EMP-HANA-CAFE-PARTTIME
PAY-20251219-EMP-MARCO-HOSP-CASUAL,EMP-MARCO-HOSP-CASUAL,Marco Hospitality Casual,19/12/2025,weekly,258.48,0.00,258.48,31.02,PAYNET-PAY-20251219-EMP-MARCO-HOSP-CASUAL,PAYG-PAY-20251219-EMP-MARCO-HOSP-CASUAL,SUPER-PAY-20251219-EMP-MARCO-HOSP-CASUAL
PAY-20251226-EMP-RILEY-RETAIL-CASUAL,EMP-RILEY-RETAIL-CASUAL,Riley Retail Casual,26/12/2025,weekly,829.75,103.00,726.75,99.57,PAYNET-PAY-20251226-EMP-RILEY-RETAIL-CASUAL,PAYG-PAY-20251226-EMP-RILEY-RETAIL-CASUAL,SUPER-PAY-20251226-EMP-RILEY-RETAIL-CASUAL
PAY-20251226-EMP-PRIYA-RETAIL-SUP,EMP-PRIYA-RETAIL-SUP,Priya Retail Supervisor,26/12/2025,weekly,1068.56,174.00,894.56,128.23,PAYNET-PAY-20251226-EMP-PRIYA-RETAIL-SUP,PAYG-PAY-20251226-EMP-PRIYA-RETAIL-SUP,SUPER-PAY-20251226-EMP-PRIYA-RETAIL-SUP
PAY-20251226-EMP-HANA-CAFE-PARTTIME,EMP-HANA-CAFE-PARTTIME,Hana Cafe Part-time,26/12/2025,weekly,517.00,26.00,491.00,62.04,PAYNET-PAY-20251226-EMP-HANA-CAFE-PARTTIME,PAYG-PAY-20251226-EMP-HANA-CAFE-PARTTIME,SUPER-PAY-20251226-EMP-HANA-CAFE-PARTTIME
PAY-20251226-EMP-MARCO-HOSP-CASUAL,EMP-MARCO-HOSP-CASUAL,Marco Hospitality Casual,26/12/2025,weekly,517.00,26.00,491.00,62.04,PAYNET-PAY-20251226-EMP-MARCO-HOSP-CASUAL,PAYG-PAY-20251226-EMP-MARCO-HOSP-CASUAL,SUPER-PAY-20251226-EMP-MARCO-HOSP-CASUAL
PAY-20260102-EMP-RILEY-RETAIL-CASUAL,EMP-RILEY-RETAIL-CASUAL,Riley Retail Casual,02/01/2026,weekly,829.75,103.00,726.75,99.57,PAYNET-PAY-20260102-EMP-RILEY-RETAIL-CASUAL,PAYG-PAY-20260102-EMP-RILEY-RETAIL-CASUAL,SUPER-PAY-20260102-EMP-RILEY-RETAIL-CASUAL
PAY-20260102-EMP-PRIYA-RETAIL-SUP,EMP-PRIYA-RETAIL-SUP,Priya Retail Supervisor,02/01/2026,weekly,1068.56,174.00,894.56,128.23,PAYNET-PAY-20260102-EMP-PRIYA-RETAIL-SUP,PAYG-PAY-20260102-EMP-PRIYA-RETAIL-SUP,SUPER-PAY-20260102-EMP-PRIYA-RETAIL-SUP
PAY-20260102-EMP-HANA-CAFE-PARTTIME,EMP-HANA-CAFE-PARTTIME,Hana Cafe Part-time,02/01/2026,weekly,517.00,26.00,491.00,62.04,PAYNET-PAY-20260102-EMP-HANA-CAFE-PARTTIME,PAYG-PAY-20260102-EMP-HANA-CAFE-PARTTIME,SUPER-PAY-20260102-EMP-HANA-CAFE-PARTTIME
PAY-20260102-EMP-MARCO-HOSP-CASUAL,EMP-MARCO-HOSP-CASUAL,Marco Hospitality Casual,02/01/2026,weekly,258.48,0.00,258.48,31.02,PAYNET-PAY-20260102-EMP-MARCO-HOSP-CASUAL,PAYG-PAY-20260102-EMP-MARCO-HOSP-CASUAL,SUPER-PAY-20260102-EMP-MARCO-HOSP-CASUAL
PAY-20260109-EMP-RILEY-RETAIL-CASUAL,EMP-RILEY-RETAIL-CASUAL,Riley Retail Casual,09/01/2026,weekly,829.75,103.00,726.75,99.57,PAYNET-PAY-20260109-EMP-RILEY-RETAIL-CASUAL,PAYG-PAY-20260109-EMP-RILEY-RETAIL-CASUAL,SUPER-PAY-20260109-EMP-RILEY-RETAIL-CASUAL
PAY-20260109-EMP-PRIYA-RETAIL-SUP,EMP-PRIYA-RETAIL-SUP,Priya Retail Supervisor,09/01/2026,weekly,1068.56,174.00,894.56,128.23,PAYNET-PAY-20260109-EMP-PRIYA-RETAIL-SUP,PAYG-PAY-20260109-EMP-PRIYA-RETAIL-SUP,SUPER-PAY-20260109-EMP-PRIYA-RETAIL-SUP
PAY-20260109-EMP-HANA-CAFE-PARTTIME,EMP-HANA-CAFE-PARTTIME,Hana Cafe Part-time,09/01/2026,weekly,517.00,26.00,491.00,62.04,PAYNET-PAY-20260109-EMP-HANA-CAFE-PARTTIME,PAYG-PAY-20260109-EMP-HANA-CAFE-PARTTIME,SUPER-PAY-20260109-EMP-HANA-CAFE-PARTTIME
PAY-20260109-EMP-MARCO-HOSP-CASUAL,EMP-MARCO-HOSP-CASUAL,Marco Hospitality Casual,09/01/2026,weekly,452.38,15.00,437.38,54.29,PAYNET-PAY-20260109-EMP-MARCO-HOSP-CASUAL,PAYG-PAY-20260109-EMP-MARCO-HOSP-CASUAL,SUPER-PAY-20260109-EMP-MARCO-HOSP-CASUAL
PAY-20260116-EMP-RILEY-RETAIL-CASUAL,EMP-RILEY-RETAIL-CASUAL,Riley Retail Casual,16/01/2026,weekly,829.75,103.00,726.75,99.57,PAYNET-PAY-20260116-EMP-RILEY-RETAIL-CASUAL,PAYG-PAY-20260116-EMP-RILEY-RETAIL-CASUAL,SUPER-PAY-20260116-EMP-RILEY-RETAIL-CASUAL
PAY-20260116-EMP-PRIYA-RETAIL-SUP,EMP-PRIYA-RETAIL-SUP,Priya Retail Supervisor,16/01/2026,weekly,1068.56,174.00,894.56,128.23,PAYNET-PAY-20260116-EMP-PRIYA-RETAIL-SUP,PAYG-PAY-20260116-EMP-PRIYA-RETAIL-SUP,SUPER-PAY-20260116-EMP-PRIYA-RETAIL-SUP
PAY-20260116-EMP-HANA-CAFE-PARTTIME,EMP-HANA-CAFE-PARTTIME,Hana Cafe Part-time,16/01/2026,weekly,517.00,26.00,491.00,62.04,PAYNET-PAY-20260116-EMP-HANA-CAFE-PARTTIME,PAYG-PAY-20260116-EMP-HANA-CAFE-PARTTIME,SUPER-PAY-20260116-EMP-HANA-CAFE-PARTTIME
PAY-20260116-EMP-MARCO-HOSP-CASUAL,EMP-MARCO-HOSP-CASUAL,Marco Hospitality Casual,16/01/2026,weekly,258.48,0.00,258.48,31.02,PAYNET-PAY-20260116-EMP-MARCO-HOSP-CASUAL,PAYG-PAY-20260116-EMP-MARCO-HOSP-CASUAL,SUPER-PAY-20260116-EMP-MARCO-HOSP-CASUAL
PAY-20260123-EMP-RILEY-RETAIL-CASUAL,EMP-RILEY-RETAIL-CASUAL,Riley Retail Casual,23/01/2026,weekly,829.75,103.00,726.75,99.57,PAYNET-PAY-20260123-EMP-RILEY-RETAIL-CASUAL,PAYG-PAY-20260123-EMP-RILEY-RETAIL-CASUAL,SUPER-PAY-20260123-EMP-RILEY-RETAIL-CASUAL
PAY-20260123-EMP-PRIYA-RETAIL-SUP,EMP-PRIYA-RETAIL-SUP,Priya Retail Supervisor,23/01/2026,weekly,1068.56,174.00,894.56,128.23,PAYNET-PAY-20260123-EMP-PRIYA-RETAIL-SUP,PAYG-PAY-20260123-EMP-PRIYA-RETAIL-SUP,SUPER-PAY-20260123-EMP-PRIYA-RETAIL-SUP
PAY-20260123-EMP-HANA-CAFE-PARTTIME,EMP-HANA-CAFE-PARTTIME,Hana Cafe Part-time,23/01/2026,weekly,517.00,26.00,491.00,62.04,PAYNET-PAY-20260123-EMP-HANA-CAFE-PARTTIME,PAYG-PAY-20260123-EMP-HANA-CAFE-PARTTIME,SUPER-PAY-20260123-EMP-HANA-CAFE-PARTTIME
PAY-20260123-EMP-MARCO-HOSP-CASUAL,EMP-MARCO-HOSP-CASUAL,Marco Hospitality Casual,23/01/2026,weekly,258.48,0.00,258.48,31.02,PAYNET-PAY-20260123-EMP-MARCO-HOSP-CASUAL,PAYG-PAY-20260123-EMP-MARCO-HOSP-CASUAL,SUPER-PAY-20260123-EMP-MARCO-HOSP-CASUAL
PAY-20260130-EMP-RILEY-RETAIL-CASUAL,EMP-RILEY-RETAIL-CASUAL,Riley Retail Casual,30/01/2026,weekly,829.75,103.00,726.75,99.57,PAYNET-PAY-20260130-EMP-RILEY-RETAIL-CASUAL,PAYG-PAY-20260130-EMP-RILEY-RETAIL-CASUAL,SUPER-PAY-20260130-EMP-RILEY-RETAIL-CASUAL
PAY-20260130-EMP-PRIYA-RETAIL-SUP,EMP-PRIYA-RETAIL-SUP,Priya Retail Supervisor,30/01/2026,weekly,1068.56,174.00,894.56,128.23,PAYNET-PAY-20260130-EMP-PRIYA-RETAIL-SUP,PAYG-PAY-20260130-EMP-PRIYA-RETAIL-SUP,SUPER-PAY-20260130-EMP-PRIYA-RETAIL-SUP
PAY-20260130-EMP-HANA-CAFE-PARTTIME,EMP-HANA-CAFE-PARTTIME,Hana Cafe Part-time,30/01/2026,weekly,517.00,26.00,491.00,62.04,PAYNET-PAY-20260130-EMP-HANA-CAFE-PARTTIME,PAYG-PAY-20260130-EMP-HANA-CAFE-PARTTIME,SUPER-PAY-20260130-EMP-HANA-CAFE-PARTTIME
PAY-20260130-EMP-MARCO-HOSP-CASUAL,EMP-MARCO-HOSP-CASUAL,Marco Hospitality Casual,30/01/2026,weekly,258.48,0.00,258.48,31.02,PAYNET-PAY-20260130-EMP-MARCO-HOSP-CASUAL,PAYG-PAY-20260130-EMP-MARCO-HOSP-CASUAL,SUPER-PAY-20260130-EMP-MARCO-HOSP-CASUAL
PAY-20260206-EMP-RILEY-RETAIL-CASUAL,EMP-RILEY-RETAIL-CASUAL,Riley Retail Casual,06/02/2026,weekly,829.75,103.00,726.75,99.57,PAYNET-PAY-20260206-EMP-RILEY-RETAIL-CASUAL,PAYG-PAY-20260206-EMP-RILEY-RETAIL-CASUAL,SUPER-PAY-20260206-EMP-RILEY-RETAIL-CASUAL
PAY-20260206-EMP-PRIYA-RETAIL-SUP,EMP-PRIYA-RETAIL-SUP,Priya Retail Supervisor,06/02/2026,weekly,1068.56,174.00,894.56,128.23,PAYNET-PAY-20260206-EMP-PRIYA-RETAIL-SUP,PAYG-PAY-20260206-EMP-PRIYA-RETAIL-SUP,SUPER-PAY-20260206-EMP-PRIYA-RETAIL-SUP
PAY-20260206-EMP-HANA-CAFE-PARTTIME,EMP-HANA-CAFE-PARTTIME,Hana Cafe Part-time,06/02/2026,weekly,517.00,26.00,491.00,62.04,PAYNET-PAY-20260206-EMP-HANA-CAFE-PARTTIME,PAYG-PAY-20260206-EMP-HANA-CAFE-PARTTIME,SUPER-PAY-20260206-EMP-HANA-CAFE-PARTTIME
PAY-20260206-EMP-MARCO-HOSP-CASUAL,EMP-MARCO-HOSP-CASUAL,Marco Hospitality Casual,06/02/2026,weekly,452.38,15.00,437.38,54.29,PAYNET-PAY-20260206-EMP-MARCO-HOSP-CASUAL,PAYG-PAY-20260206-EMP-MARCO-HOSP-CASUAL,SUPER-PAY-20260206-EMP-MARCO-HOSP-CASUAL
PAY-20260213-EMP-RILEY-RETAIL-CASUAL,EMP-RILEY-RETAIL-CASUAL,Riley Retail Casual,13/02/2026,weekly,829.75,103.00,726.75,99.57,PAYNET-PAY-20260213-EMP-RILEY-RETAIL-CASUAL,PAYG-PAY-20260213-EMP-RILEY-RETAIL-CASUAL,SUPER-PAY-20260213-EMP-RILEY-RETAIL-CASUAL
PAY-20260213-EMP-PRIYA-RETAIL-SUP,EMP-PRIYA-RETAIL-SUP,Priya Retail Supervisor,13/02/2026,weekly,1068.56,174.00,894.56,128.23,PAYNET-PAY-20260213-EMP-PRIYA-RETAIL-SUP,PAYG-PAY-20260213-EMP-PRIYA-RETAIL-SUP,SUPER-PAY-20260213-EMP-PRIYA-RETAIL-SUP
PAY-20260213-EMP-HANA-CAFE-PARTTIME,EMP-HANA-CAFE-PARTTIME,Hana Cafe Part-time,13/02/2026,weekly,517.00,26.00,491.00,62.04,PAYNET-PAY-20260213-EMP-HANA-CAFE-PARTTIME,PAYG-PAY-20260213-EMP-HANA-CAFE-PARTTIME,SUPER-PAY-20260213-EMP-HANA-CAFE-PARTTIME
PAY-20260213-EMP-MARCO-HOSP-CASUAL,EMP-MARCO-HOSP-CASUAL,Marco Hospitality Casual,13/02/2026,weekly,258.48,0.00,258.48,31.02,PAYNET-PAY-20260213-EMP-MARCO-HOSP-CASUAL,PAYG-PAY-20260213-EMP-MARCO-HOSP-CASUAL,SUPER-PAY-20260213-EMP-MARCO-HOSP-CASUAL
PAY-20260220-EMP-RILEY-RETAIL-CASUAL,EMP-RILEY-RETAIL-CASUAL,Riley Retail Casual,20/02/2026,weekly,829.75,103.00,726.75,99.57,PAYNET-PAY-20260220-EMP-RILEY-RETAIL-CASUAL,PAYG-PAY-20260220-EMP-RILEY-RETAIL-CASUAL,SUPER-PAY-20260220-EMP-RILEY-RETAIL-CASUAL
PAY-20260220-EMP-PRIYA-RETAIL-SUP,EMP-PRIYA-RETAIL-SUP,Priya Retail Supervisor,20/02/2026,weekly,1068.56,174.00,894.56,128.23,PAYNET-PAY-20260220-EMP-PRIYA-RETAIL-SUP,PAYG-PAY-20260220-EMP-PRIYA-RETAIL-SUP,SUPER-PAY-20260220-EMP-PRIYA-RETAIL-SUP
PAY-20260220-EMP-HANA-CAFE-PARTTIME,EMP-HANA-CAFE-PARTTIME,Hana Cafe Part-time,20/02/2026,weekly,517.00,26.00,491.00,62.04,PAYNET-PAY-20260220-EMP-HANA-CAFE-PARTTIME,PAYG-PAY-20260220-EMP-HANA-CAFE-PARTTIME,SUPER-PAY-20260220-EMP-HANA-CAFE-PARTTIME
PAY-20260220-EMP-MARCO-HOSP-CASUAL,EMP-MARCO-HOSP-CASUAL,Marco Hospitality Casual,20/02/2026,weekly,258.48,0.00,258.48,31.02,PAYNET-PAY-20260220-EMP-MARCO-HOSP-CASUAL,PAYG-PAY-20260220-EMP-MARCO-HOSP-CASUAL,SUPER-PAY-20260220-EMP-MARCO-HOSP-CASUAL
PAY-20260227-EMP-RILEY-RETAIL-CASUAL,EMP-RILEY-RETAIL-CASUAL,Riley Retail Casual,27/02/2026,weekly,829.75,103.00,726.75,99.57,PAYNET-PAY-20260227-EMP-RILEY-RETAIL-CASUAL,PAYG-PAY-20260227-EMP-RILEY-RETAIL-CASUAL,SUPER-PAY-20260227-EMP-RILEY-RETAIL-CASUAL
PAY-20260227-EMP-PRIYA-RETAIL-SUP,EMP-PRIYA-RETAIL-SUP,Priya Retail Supervisor,27/02/2026,weekly,1068.56,174.00,894.56,128.23,PAYNET-PAY-20260227-EMP-PRIYA-RETAIL-SUP,PAYG-PAY-20260227-EMP-PRIYA-RETAIL-SUP,SUPER-PAY-20260227-EMP-PRIYA-RETAIL-SUP
PAY-20260227-EMP-HANA-CAFE-PARTTIME,EMP-HANA-CAFE-PARTTIME,Hana Cafe Part-time,27/02/2026,weekly,517.00,26.00,491.00,62.04,PAYNET-PAY-20260227-EMP-HANA-CAFE-PARTTIME,PAYG-PAY-20260227-EMP-HANA-CAFE-PARTTIME,SUPER-PAY-20260227-EMP-HANA-CAFE-PARTTIME
PAY-20260227-EMP-MARCO-HOSP-CASUAL,EMP-MARCO-HOSP-CASUAL,Marco Hospitality Casual,27/02/2026,weekly,258.48,0.00,258.48,31.02,PAYNET-PAY-20260227-EMP-MARCO-HOSP-CASUAL,PAYG-PAY-20260227-EMP-MARCO-HOSP-CASUAL,SUPER-PAY-20260227-EMP-MARCO-HOSP-CASUAL
PAY-20260306-EMP-RILEY-RETAIL-CASUAL,EMP-RILEY-RETAIL-CASUAL,Riley Retail Casual,06/03/2026,weekly,829.75,103.00,726.75,99.57,PAYNET-PAY-20260306-EMP-RILEY-RETAIL-CASUAL,PAYG-PAY-20260306-EMP-RILEY-RETAIL-CASUAL,SUPER-PAY-20260306-EMP-RILEY-RETAIL-CASUAL
PAY-20260306-EMP-PRIYA-RETAIL-SUP,EMP-PRIYA-RETAIL-SUP,Priya Retail Supervisor,06/03/2026,weekly,1068.56,174.00,894.56,128.23,PAYNET-PAY-20260306-EMP-PRIYA-RETAIL-SUP,PAYG-PAY-20260306-EMP-PRIYA-RETAIL-SUP,SUPER-PAY-20260306-EMP-PRIYA-RETAIL-SUP
PAY-20260306-EMP-HANA-CAFE-PARTTIME,EMP-HANA-CAFE-PARTTIME,Hana Cafe Part-time,06/03/2026,weekly,517.00,26.00,491.00,62.04,PAYNET-PAY-20260306-EMP-HANA-CAFE-PARTTIME,PAYG-PAY-20260306-EMP-HANA-CAFE-PARTTIME,SUPER-PAY-20260306-EMP-HANA-CAFE-PARTTIME
PAY-20260306-EMP-MARCO-HOSP-CASUAL,EMP-MARCO-HOSP-CASUAL,Marco Hospitality Casual,06/03/2026,weekly,452.38,15.00,437.38,54.29,PAYNET-PAY-20260306-EMP-MARCO-HOSP-CASUAL,PAYG-PAY-20260306-EMP-MARCO-HOSP-CASUAL,SUPER-PAY-20260306-EMP-MARCO-HOSP-CASUAL
PAY-20260313-EMP-RILEY-RETAIL-CASUAL,EMP-RILEY-RETAIL-CASUAL,Riley Retail Casual,13/03/2026,weekly,829.75,103.00,726.75,99.57,PAYNET-PAY-20260313-EMP-RILEY-RETAIL-CASUAL,PAYG-PAY-20260313-EMP-RILEY-RETAIL-CASUAL,SUPER-PAY-20260313-EMP-RILEY-RETAIL-CASUAL
PAY-20260313-EMP-PRIYA-RETAIL-SUP,EMP-PRIYA-RETAIL-SUP,Priya Retail Supervisor,13/03/2026,weekly,1068.56,174.00,894.56,128.23,PAYNET-PAY-20260313-EMP-PRIYA-RETAIL-SUP,PAYG-PAY-20260313-EMP-PRIYA-RETAIL-SUP,SUPER-PAY-20260313-EMP-PRIYA-RETAIL-SUP
PAY-20260313-EMP-HANA-CAFE-PARTTIME,EMP-HANA-CAFE-PARTTIME,Hana Cafe Part-time,13/03/2026,weekly,517.00,26.00,491.00,62.04,PAYNET-PAY-20260313-EMP-HANA-CAFE-PARTTIME,PAYG-PAY-20260313-EMP-HANA-CAFE-PARTTIME,SUPER-PAY-20260313-EMP-HANA-CAFE-PARTTIME
PAY-20260313-EMP-MARCO-HOSP-CASUAL,EMP-MARCO-HOSP-CASUAL,Marco Hospitality Casual,13/03/2026,weekly,258.48,0.00,258.48,31.02,PAYNET-PAY-20260313-EMP-MARCO-HOSP-CASUAL,PAYG-PAY-20260313-EMP-MARCO-HOSP-CASUAL,SUPER-PAY-20260313-EMP-MARCO-HOSP-CASUAL
PAY-20260320-EMP-RILEY-RETAIL-CASUAL,EMP-RILEY-RETAIL-CASUAL,Riley Retail Casual,20/03/2026,weekly,829.75,103.00,726.75,99.57,PAYNET-PAY-20260320-EMP-RILEY-RETAIL-CASUAL,PAYG-PAY-20260320-EMP-RILEY-RETAIL-CASUAL,SUPER-PAY-20260320-EMP-RILEY-RETAIL-CASUAL
PAY-20260320-EMP-PRIYA-RETAIL-SUP,EMP-PRIYA-RETAIL-SUP,Priya Retail Supervisor,20/03/2026,weekly,1068.56,174.00,894.56,128.23,PAYNET-PAY-20260320-EMP-PRIYA-RETAIL-SUP,PAYG-PAY-20260320-EMP-PRIYA-RETAIL-SUP,SUPER-PAY-20260320-EMP-PRIYA-RETAIL-SUP
PAY-20260320-EMP-HANA-CAFE-PARTTIME,EMP-HANA-CAFE-PARTTIME,Hana Cafe Part-time,20/03/2026,weekly,517.00,26.00,491.00,62.04,PAYNET-PAY-20260320-EMP-HANA-CAFE-PARTTIME,PAYG-PAY-20260320-EMP-HANA-CAFE-PARTTIME,SUPER-PAY-20260320-EMP-HANA-CAFE-PARTTIME
PAY-20260320-EMP-MARCO-HOSP-CASUAL,EMP-MARCO-HOSP-CASUAL,Marco Hospitality Casual,20/03/2026,weekly,258.48,0.00,258.48,31.02,PAYNET-PAY-20260320-EMP-MARCO-HOSP-CASUAL,PAYG-PAY-20260320-EMP-MARCO-HOSP-CASUAL,SUPER-PAY-20260320-EMP-MARCO-HOSP-CASUAL
PAY-20260327-EMP-RILEY-RETAIL-CASUAL,EMP-RILEY-RETAIL-CASUAL,Riley Retail Casual,27/03/2026,weekly,829.75,103.00,726.75,99.57,PAYNET-PAY-20260327-EMP-RILEY-RETAIL-CASUAL,PAYG-PAY-20260327-EMP-RILEY-RETAIL-CASUAL,SUPER-PAY-20260327-EMP-RILEY-RETAIL-CASUAL
PAY-20260327-EMP-PRIYA-RETAIL-SUP,EMP-PRIYA-RETAIL-SUP,Priya Retail Supervisor,27/03/2026,weekly,1068.56,174.00,894.56,128.23,PAYNET-PAY-20260327-EMP-PRIYA-RETAIL-SUP,PAYG-PAY-20260327-EMP-PRIYA-RETAIL-SUP,SUPER-PAY-20260327-EMP-PRIYA-RETAIL-SUP
PAY-20260327-EMP-HANA-CAFE-PARTTIME,EMP-HANA-CAFE-PARTTIME,Hana Cafe Part-time,27/03/2026,weekly,517.00,26.00,491.00,62.04,PAYNET-PAY-20260327-EMP-HANA-CAFE-PARTTIME,PAYG-PAY-20260327-EMP-HANA-CAFE-PARTTIME,SUPER-PAY-20260327-EMP-HANA-CAFE-PARTTIME
PAY-20260327-EMP-MARCO-HOSP-CASUAL,EMP-MARCO-HOSP-CASUAL,Marco Hospitality Casual,27/03/2026,weekly,517.00,26.00,491.00,62.04,PAYNET-PAY-20260327-EMP-MARCO-HOSP-CASUAL,PAYG-PAY-20260327-EMP-MARCO-HOSP-CASUAL,SUPER-PAY-20260327-EMP-MARCO-HOSP-CASUAL
PAY-20260403-EMP-RILEY-RETAIL-CASUAL,EMP-RILEY-RETAIL-CASUAL,Riley Retail Casual,03/04/2026,weekly,829.75,103.00,726.75,99.57,PAYNET-PAY-20260403-EMP-RILEY-RETAIL-CASUAL,PAYG-PAY-20260403-EMP-RILEY-RETAIL-CASUAL,SUPER-PAY-20260403-EMP-RILEY-RETAIL-CASUAL
PAY-20260403-EMP-PRIYA-RETAIL-SUP,EMP-PRIYA-RETAIL-SUP,Priya Retail Supervisor,03/04/2026,weekly,1068.56,174.00,894.56,128.23,PAYNET-PAY-20260403-EMP-PRIYA-RETAIL-SUP,PAYG-PAY-20260403-EMP-PRIYA-RETAIL-SUP,SUPER-PAY-20260403-EMP-PRIYA-RETAIL-SUP
PAY-20260403-EMP-HANA-CAFE-PARTTIME,EMP-HANA-CAFE-PARTTIME,Hana Cafe Part-time,03/04/2026,weekly,517.00,26.00,491.00,62.04,PAYNET-PAY-20260403-EMP-HANA-CAFE-PARTTIME,PAYG-PAY-20260403-EMP-HANA-CAFE-PARTTIME,SUPER-PAY-20260403-EMP-HANA-CAFE-PARTTIME
PAY-20260403-EMP-MARCO-HOSP-CASUAL,EMP-MARCO-HOSP-CASUAL,Marco Hospitality Casual,03/04/2026,weekly,452.38,15.00,437.38,54.29,PAYNET-PAY-20260403-EMP-MARCO-HOSP-CASUAL,PAYG-PAY-20260403-EMP-MARCO-HOSP-CASUAL,SUPER-PAY-20260403-EMP-MARCO-HOSP-CASUAL
PAY-20260410-EMP-RILEY-RETAIL-CASUAL,EMP-RILEY-RETAIL-CASUAL,Riley Retail Casual,10/04/2026,weekly,829.75,103.00,726.75,99.57,PAYNET-PAY-20260410-EMP-RILEY-RETAIL-CASUAL,PAYG-PAY-20260410-EMP-RILEY-RETAIL-CASUAL,SUPER-PAY-20260410-EMP-RILEY-RETAIL-CASUAL
PAY-20260410-EMP-PRIYA-RETAIL-SUP,EMP-PRIYA-RETAIL-SUP,Priya Retail Supervisor,10/04/2026,weekly,1068.56,174.00,894.56,128.23,PAYNET-PAY-20260410-EMP-PRIYA-RETAIL-SUP,PAYG-PAY-20260410-EMP-PRIYA-RETAIL-SUP,SUPER-PAY-20260410-EMP-PRIYA-RETAIL-SUP
PAY-20260410-EMP-HANA-CAFE-PARTTIME,EMP-HANA-CAFE-PARTTIME,Hana Cafe Part-time,10/04/2026,weekly,517.00,26.00,491.00,62.04,PAYNET-PAY-20260410-EMP-HANA-CAFE-PARTTIME,PAYG-PAY-20260410-EMP-HANA-CAFE-PARTTIME,SUPER-PAY-20260410-EMP-HANA-CAFE-PARTTIME
PAY-20260410-EMP-MARCO-HOSP-CASUAL,EMP-MARCO-HOSP-CASUAL,Marco Hospitality Casual,10/04/2026,weekly,258.48,0.00,258.48,31.02,PAYNET-PAY-20260410-EMP-MARCO-HOSP-CASUAL,PAYG-PAY-20260410-EMP-MARCO-HOSP-CASUAL,SUPER-PAY-20260410-EMP-MARCO-HOSP-CASUAL
PAY-20260417-EMP-RILEY-RETAIL-CASUAL,EMP-RILEY-RETAIL-CASUAL,Riley Retail Casual,17/04/2026,weekly,829.75,103.00,726.75,99.57,PAYNET-PAY-20260417-EMP-RILEY-RETAIL-CASUAL,PAYG-PAY-20260417-EMP-RILEY-RETAIL-CASUAL,SUPER-PAY-20260417-EMP-RILEY-RETAIL-CASUAL
PAY-20260417-EMP-PRIYA-RETAIL-SUP,EMP-PRIYA-RETAIL-SUP,Priya Retail Supervisor,17/04/2026,weekly,1068.56,174.00,894.56,128.23,PAYNET-PAY-20260417-EMP-PRIYA-RETAIL-SUP,PAYG-PAY-20260417-EMP-PRIYA-RETAIL-SUP,SUPER-PAY-20260417-EMP-PRIYA-RETAIL-SUP
PAY-20260417-EMP-HANA-CAFE-PARTTIME,EMP-HANA-CAFE-PARTTIME,Hana Cafe Part-time,17/04/2026,weekly,517.00,26.00,491.00,62.04,PAYNET-PAY-20260417-EMP-HANA-CAFE-PARTTIME,PAYG-PAY-20260417-EMP-HANA-CAFE-PARTTIME,SUPER-PAY-20260417-EMP-HANA-CAFE-PARTTIME
PAY-20260417-EMP-MARCO-HOSP-CASUAL,EMP-MARCO-HOSP-CASUAL,Marco Hospitality Casual,17/04/2026,weekly,258.48,0.00,258.48,31.02,PAYNET-PAY-20260417-EMP-MARCO-HOSP-CASUAL,PAYG-PAY-20260417-EMP-MARCO-HOSP-CASUAL,SUPER-PAY-20260417-EMP-MARCO-HOSP-CASUAL
PAY-20260424-EMP-RILEY-RETAIL-CASUAL,EMP-RILEY-RETAIL-CASUAL,Riley Retail Casual,24/04/2026,weekly,829.75,103.00,726.75,99.57,PAYNET-PAY-20260424-EMP-RILEY-RETAIL-CASUAL,PAYG-PAY-20260424-EMP-RILEY-RETAIL-CASUAL,SUPER-PAY-20260424-EMP-RILEY-RETAIL-CASUAL
PAY-20260424-EMP-PRIYA-RETAIL-SUP,EMP-PRIYA-RETAIL-SUP,Priya Retail Supervisor,24/04/2026,weekly,1068.56,174.00,894.56,128.23,PAYNET-PAY-20260424-EMP-PRIYA-RETAIL-SUP,PAYG-PAY-20260424-EMP-PRIYA-RETAIL-SUP,SUPER-PAY-20260424-EMP-PRIYA-RETAIL-SUP
PAY-20260424-EMP-HANA-CAFE-PARTTIME,EMP-HANA-CAFE-PARTTIME,Hana Cafe Part-time,24/04/2026,weekly,517.00,26.00,491.00,62.04,PAYNET-PAY-20260424-EMP-HANA-CAFE-PARTTIME,PAYG-PAY-20260424-EMP-HANA-CAFE-PARTTIME,SUPER-PAY-20260424-EMP-HANA-CAFE-PARTTIME
PAY-20260424-EMP-MARCO-HOSP-CASUAL,EMP-MARCO-HOSP-CASUAL,Marco Hospitality Casual,24/04/2026,weekly,258.48,0.00,258.48,31.02,PAYNET-PAY-20260424-EMP-MARCO-HOSP-CASUAL,PAYG-PAY-20260424-EMP-MARCO-HOSP-CASUAL,SUPER-PAY-20260424-EMP-MARCO-HOSP-CASUAL
PAY-20260501-EMP-RILEY-RETAIL-CASUAL,EMP-RILEY-RETAIL-CASUAL,Riley Retail Casual,01/05/2026,weekly,829.75,103.00,726.75,99.57,PAYNET-PAY-20260501-EMP-RILEY-RETAIL-CASUAL,PAYG-PAY-20260501-EMP-RILEY-RETAIL-CASUAL,SUPER-PAY-20260501-EMP-RILEY-RETAIL-CASUAL
PAY-20260501-EMP-PRIYA-RETAIL-SUP,EMP-PRIYA-RETAIL-SUP,Priya Retail Supervisor,01/05/2026,weekly,1068.56,174.00,894.56,128.23,PAYNET-PAY-20260501-EMP-PRIYA-RETAIL-SUP,PAYG-PAY-20260501-EMP-PRIYA-RETAIL-SUP,SUPER-PAY-20260501-EMP-PRIYA-RETAIL-SUP
PAY-20260501-EMP-HANA-CAFE-PARTTIME,EMP-HANA-CAFE-PARTTIME,Hana Cafe Part-time,01/05/2026,weekly,517.00,26.00,491.00,62.04,PAYNET-PAY-20260501-EMP-HANA-CAFE-PARTTIME,PAYG-PAY-20260501-EMP-HANA-CAFE-PARTTIME,SUPER-PAY-20260501-EMP-HANA-CAFE-PARTTIME
PAY-20260501-EMP-MARCO-HOSP-CASUAL,EMP-MARCO-HOSP-CASUAL,Marco Hospitality Casual,01/05/2026,weekly,452.38,15.00,437.38,54.29,PAYNET-PAY-20260501-EMP-MARCO-HOSP-CASUAL,PAYG-PAY-20260501-EMP-MARCO-HOSP-CASUAL,SUPER-PAY-20260501-EMP-MARCO-HOSP-CASUAL
PAY-20260508-EMP-RILEY-RETAIL-CASUAL,EMP-RILEY-RETAIL-CASUAL,Riley Retail Casual,08/05/2026,weekly,829.75,103.00,726.75,99.57,PAYNET-PAY-20260508-EMP-RILEY-RETAIL-CASUAL,PAYG-PAY-20260508-EMP-RILEY-RETAIL-CASUAL,SUPER-PAY-20260508-EMP-RILEY-RETAIL-CASUAL
PAY-20260508-EMP-PRIYA-RETAIL-SUP,EMP-PRIYA-RETAIL-SUP,Priya Retail Supervisor,08/05/2026,weekly,1068.56,174.00,894.56,128.23,PAYNET-PAY-20260508-EMP-PRIYA-RETAIL-SUP,PAYG-PAY-20260508-EMP-PRIYA-RETAIL-SUP,SUPER-PAY-20260508-EMP-PRIYA-RETAIL-SUP
PAY-20260508-EMP-HANA-CAFE-PARTTIME,EMP-HANA-CAFE-PARTTIME,Hana Cafe Part-time,08/05/2026,weekly,517.00,26.00,491.00,62.04,PAYNET-PAY-20260508-EMP-HANA-CAFE-PARTTIME,PAYG-PAY-20260508-EMP-HANA-CAFE-PARTTIME,SUPER-PAY-20260508-EMP-HANA-CAFE-PARTTIME
PAY-20260508-EMP-MARCO-HOSP-CASUAL,EMP-MARCO-HOSP-CASUAL,Marco Hospitality Casual,08/05/2026,weekly,258.48,0.00,258.48,31.02,PAYNET-PAY-20260508-EMP-MARCO-HOSP-CASUAL,PAYG-PAY-20260508-EMP-MARCO-HOSP-CASUAL,SUPER-PAY-20260508-EMP-MARCO-HOSP-CASUAL
PAY-20260515-EMP-RILEY-RETAIL-CASUAL,EMP-RILEY-RETAIL-CASUAL,Riley Retail Casual,15/05/2026,weekly,829.75,103.00,726.75,99.57,PAYNET-PAY-20260515-EMP-RILEY-RETAIL-CASUAL,PAYG-PAY-20260515-EMP-RILEY-RETAIL-CASUAL,SUPER-PAY-20260515-EMP-RILEY-RETAIL-CASUAL
PAY-20260515-EMP-PRIYA-RETAIL-SUP,EMP-PRIYA-RETAIL-SUP,Priya Retail Supervisor,15/05/2026,weekly,1068.56,174.00,894.56,128.23,PAYNET-PAY-20260515-EMP-PRIYA-RETAIL-SUP,PAYG-PAY-20260515-EMP-PRIYA-RETAIL-SUP,SUPER-PAY-20260515-EMP-PRIYA-RETAIL-SUP
PAY-20260515-EMP-HANA-CAFE-PARTTIME,EMP-HANA-CAFE-PARTTIME,Hana Cafe Part-time,15/05/2026,weekly,517.00,26.00,491.00,62.04,PAYNET-PAY-20260515-EMP-HANA-CAFE-PARTTIME,PAYG-PAY-20260515-EMP-HANA-CAFE-PARTTIME,SUPER-PAY-20260515-EMP-HANA-CAFE-PARTTIME
PAY-20260515-EMP-MARCO-HOSP-CASUAL,EMP-MARCO-HOSP-CASUAL,Marco Hospitality Casual,15/05/2026,weekly,258.48,0.00,258.48,31.02,PAYNET-PAY-20260515-EMP-MARCO-HOSP-CASUAL,PAYG-PAY-20260515-EMP-MARCO-HOSP-CASUAL,SUPER-PAY-20260515-EMP-MARCO-HOSP-CASUAL
PAY-20260522-EMP-RILEY-RETAIL-CASUAL,EMP-RILEY-RETAIL-CASUAL,Riley Retail Casual,22/05/2026,weekly,829.75,103.00,726.75,99.57,PAYNET-PAY-20260522-EMP-RILEY-RETAIL-CASUAL,PAYG-PAY-20260522-EMP-RILEY-RETAIL-CASUAL,SUPER-PAY-20260522-EMP-RILEY-RETAIL-CASUAL
PAY-20260522-EMP-PRIYA-RETAIL-SUP,EMP-PRIYA-RETAIL-SUP,Priya Retail Supervisor,22/05/2026,weekly,1068.56,174.00,894.56,128.23,PAYNET-PAY-20260522-EMP-PRIYA-RETAIL-SUP,PAYG-PAY-20260522-EMP-PRIYA-RETAIL-SUP,SUPER-PAY-20260522-EMP-PRIYA-RETAIL-SUP
PAY-20260522-EMP-HANA-CAFE-PARTTIME,EMP-HANA-CAFE-PARTTIME,Hana Cafe Part-time,22/05/2026,weekly,517.00,26.00,491.00,62.04,PAYNET-PAY-20260522-EMP-HANA-CAFE-PARTTIME,PAYG-PAY-20260522-EMP-HANA-CAFE-PARTTIME,SUPER-PAY-20260522-EMP-HANA-CAFE-PARTTIME
PAY-20260522-EMP-MARCO-HOSP-CASUAL,EMP-MARCO-HOSP-CASUAL,Marco Hospitality Casual,22/05/2026,weekly,258.48,0.00,258.48,31.02,PAYNET-PAY-20260522-EMP-MARCO-HOSP-CASUAL,PAYG-PAY-20260522-EMP-MARCO-HOSP-CASUAL,SUPER-PAY-20260522-EMP-MARCO-HOSP-CASUAL
PAY-20260529-EMP-RILEY-RETAIL-CASUAL,EMP-RILEY-RETAIL-CASUAL,Riley Retail Casual,29/05/2026,weekly,829.75,103.00,726.75,99.57,PAYNET-PAY-20260529-EMP-RILEY-RETAIL-CASUAL,PAYG-PAY-20260529-EMP-RILEY-RETAIL-CASUAL,SUPER-PAY-20260529-EMP-RILEY-RETAIL-CASUAL
PAY-20260529-EMP-PRIYA-RETAIL-SUP,EMP-PRIYA-RETAIL-SUP,Priya Retail Supervisor,29/05/2026,weekly,1068.56,174.00,894.56,128.23,PAYNET-PAY-20260529-EMP-PRIYA-RETAIL-SUP,PAYG-PAY-20260529-EMP-PRIYA-RETAIL-SUP,SUPER-PAY-20260529-EMP-PRIYA-RETAIL-SUP
PAY-20260529-EMP-HANA-CAFE-PARTTIME,EMP-HANA-CAFE-PARTTIME,Hana Cafe Part-time,29/05/2026,weekly,517.00,26.00,491.00,62.04,PAYNET-PAY-20260529-EMP-HANA-CAFE-PARTTIME,PAYG-PAY-20260529-EMP-HANA-CAFE-PARTTIME,SUPER-PAY-20260529-EMP-HANA-CAFE-PARTTIME
PAY-20260529-EMP-MARCO-HOSP-CASUAL,EMP-MARCO-HOSP-CASUAL,Marco Hospitality Casual,29/05/2026,weekly,452.38,15.00,437.38,54.29,PAYNET-PAY-20260529-EMP-MARCO-HOSP-CASUAL,PAYG-PAY-20260529-EMP-MARCO-HOSP-CASUAL,SUPER-PAY-20260529-EMP-MARCO-HOSP-CASUAL
PAY-20260605-EMP-RILEY-RETAIL-CASUAL,EMP-RILEY-RETAIL-CASUAL,Riley Retail Casual,05/06/2026,weekly,829.75,103.00,726.75,99.57,PAYNET-PAY-20260605-EMP-RILEY-RETAIL-CASUAL,PAYG-PAY-20260605-EMP-RILEY-RETAIL-CASUAL,SUPER-PAY-20260605-EMP-RILEY-RETAIL-CASUAL
PAY-20260605-EMP-PRIYA-RETAIL-SUP,EMP-PRIYA-RETAIL-SUP,Priya Retail Supervisor,05/06/2026,weekly,1068.56,174.00,894.56,128.23,PAYNET-PAY-20260605-EMP-PRIYA-RETAIL-SUP,PAYG-PAY-20260605-EMP-PRIYA-RETAIL-SUP,SUPER-PAY-20260605-EMP-PRIYA-RETAIL-SUP
PAY-20260605-EMP-HANA-CAFE-PARTTIME,EMP-HANA-CAFE-PARTTIME,Hana Cafe Part-time,05/06/2026,weekly,517.00,26.00,491.00,62.04,PAYNET-PAY-20260605-EMP-HANA-CAFE-PARTTIME,PAYG-PAY-20260605-EMP-HANA-CAFE-PARTTIME,SUPER-PAY-20260605-EMP-HANA-CAFE-PARTTIME
PAY-20260605-EMP-MARCO-HOSP-CASUAL,EMP-MARCO-HOSP-CASUAL,Marco Hospitality Casual,05/06/2026,weekly,258.48,0.00,258.48,31.02,PAYNET-PAY-20260605-EMP-MARCO-HOSP-CASUAL,PAYG-PAY-20260605-EMP-MARCO-HOSP-CASUAL,SUPER-PAY-20260605-EMP-MARCO-HOSP-CASUAL
PAY-20260612-EMP-RILEY-RETAIL-CASUAL,EMP-RILEY-RETAIL-CASUAL,Riley Retail Casual,12/06/2026,weekly,829.75,103.00,726.75,99.57,PAYNET-PAY-20260612-EMP-RILEY-RETAIL-CASUAL,PAYG-PAY-20260612-EMP-RILEY-RETAIL-CASUAL,SUPER-PAY-20260612-EMP-RILEY-RETAIL-CASUAL
PAY-20260612-EMP-PRIYA-RETAIL-SUP,EMP-PRIYA-RETAIL-SUP,Priya Retail Supervisor,12/06/2026,weekly,1068.56,174.00,894.56,128.23,PAYNET-PAY-20260612-EMP-PRIYA-RETAIL-SUP,PAYG-PAY-20260612-EMP-PRIYA-RETAIL-SUP,SUPER-PAY-20260612-EMP-PRIYA-RETAIL-SUP
PAY-20260612-EMP-HANA-CAFE-PARTTIME,EMP-HANA-CAFE-PARTTIME,Hana Cafe Part-time,12/06/2026,weekly,517.00,26.00,491.00,62.04,PAYNET-PAY-20260612-EMP-HANA-CAFE-PARTTIME,PAYG-PAY-20260612-EMP-HANA-CAFE-PARTTIME,SUPER-PAY-20260612-EMP-HANA-CAFE-PARTTIME
PAY-20260612-EMP-MARCO-HOSP-CASUAL,EMP-MARCO-HOSP-CASUAL,Marco Hospitality Casual,12/06/2026,weekly,258.48,0.00,258.48,31.02,PAYNET-PAY-20260612-EMP-MARCO-HOSP-CASUAL,PAYG-PAY-20260612-EMP-MARCO-HOSP-CASUAL,SUPER-PAY-20260612-EMP-MARCO-HOSP-CASUAL
PAY-20260619-EMP-RILEY-RETAIL-CASUAL,EMP-RILEY-RETAIL-CASUAL,Riley Retail Casual,19/06/2026,weekly,829.75,103.00,726.75,99.57,PAYNET-PAY-20260619-EMP-RILEY-RETAIL-CASUAL,PAYG-PAY-20260619-EMP-RILEY-RETAIL-CASUAL,SUPER-PAY-20260619-EMP-RILEY-RETAIL-CASUAL
PAY-20260619-EMP-PRIYA-RETAIL-SUP,EMP-PRIYA-RETAIL-SUP,Priya Retail Supervisor,19/06/2026,weekly,1068.56,174.00,894.56,128.23,PAYNET-PAY-20260619-EMP-PRIYA-RETAIL-SUP,PAYG-PAY-20260619-EMP-PRIYA-RETAIL-SUP,SUPER-PAY-20260619-EMP-PRIYA-RETAIL-SUP
PAY-20260619-EMP-HANA-CAFE-PARTTIME,EMP-HANA-CAFE-PARTTIME,Hana Cafe Part-time,19/06/2026,weekly,517.00,26.00,491.00,62.04,PAYNET-PAY-20260619-EMP-HANA-CAFE-PARTTIME,PAYG-PAY-20260619-EMP-HANA-CAFE-PARTTIME,SUPER-PAY-20260619-EMP-HANA-CAFE-PARTTIME
PAY-20260619-EMP-MARCO-HOSP-CASUAL,EMP-MARCO-HOSP-CASUAL,Marco Hospitality Casual,19/06/2026,weekly,258.48,0.00,258.48,31.02,PAYNET-PAY-20260619-EMP-MARCO-HOSP-CASUAL,PAYG-PAY-20260619-EMP-MARCO-HOSP-CASUAL,SUPER-PAY-20260619-EMP-MARCO-HOSP-CASUAL
PAY-20260626-EMP-RILEY-RETAIL-CASUAL,EMP-RILEY-RETAIL-CASUAL,Riley Retail Casual,26/06/2026,weekly,829.75,103.00,726.75,99.57,PAYNET-PAY-20260626-EMP-RILEY-RETAIL-CASUAL,PAYG-PAY-20260626-EMP-RILEY-RETAIL-CASUAL,SUPER-PAY-20260626-EMP-RILEY-RETAIL-CASUAL
PAY-20260626-EMP-PRIYA-RETAIL-SUP,EMP-PRIYA-RETAIL-SUP,Priya Retail Supervisor,26/06/2026,weekly,1068.56,174.00,894.56,128.23,PAYNET-PAY-20260626-EMP-PRIYA-RETAIL-SUP,PAYG-PAY-20260626-EMP-PRIYA-RETAIL-SUP,SUPER-PAY-20260626-EMP-PRIYA-RETAIL-SUP
PAY-20260626-EMP-HANA-CAFE-PARTTIME,EMP-HANA-CAFE-PARTTIME,Hana Cafe Part-time,26/06/2026,weekly,517.00,26.00,491.00,62.04,PAYNET-PAY-20260626-EMP-HANA-CAFE-PARTTIME,PAYG-PAY-20260626-EMP-HANA-CAFE-PARTTIME,SUPER-PAY-20260626-EMP-HANA-CAFE-PARTTIME
PAY-20260626-EMP-MARCO-HOSP-CASUAL,EMP-MARCO-HOSP-CASUAL,Marco Hospitality Casual,26/06/2026,weekly,710.90,67.00,643.90,85.31,PAYNET-PAY-20260626-EMP-MARCO-HOSP-CASUAL,PAYG-PAY-20260626-EMP-MARCO-HOSP-CASUAL,SUPER-PAY-20260626-EMP-MARCO-HOSP-CASUAL
